[
    {
        "Id": 25026,
        "Text": "Điều khiển được sử dụng để hiển thị nội dụng trang web trong ứng dụng Android?",
        "Marks": 1,
        "AnswerId": 103784,
        "Answers": [
            {
                "Id": 103783,
                "Text": "Button"
            },
            {
                "Id": 103784,
                "Text": "WebView"
            },
            {
                "Id": 103785,
                "Text": "Spinner"
            },
            {
                "Id": 103786,
                "Text": "EditText"
            }
        ]
    },
    {
        "Id": 25027,
        "Text": "Đối với URLConnection, sử dụng phương thức nào để thiết lập timeout cho connection?",
        "Marks": 1,
        "AnswerId": 103790,
        "Answers": [
            {
                "Id": 103787,
                "Text": "setURLTimeout()"
            },
            {
                "Id": 103788,
                "Text": "setInternetTimeout()"
            },
            {
                "Id": 103789,
                "Text": "setTimeout()"
            },
            {
                "Id": 103790,
                "Text": "setConnectTimeout()"
            }
        ]
    },
    {
        "Id": 25028,
        "Text": "Cho đoạn mã lệnh sau:wv.setWebChromeClient(new WebChromeClient() { @Override public void onReceivedTitle(WebView view, String title) { getWindow().setTitle(title); } });Hãy cho biết đoạn lệnh trên dùng để làm gì?",
        "Marks": 1,
        "AnswerId": 103791,
        "Answers": [
            {
                "Id": 103791,
                "Text": "Thay đổi title của trang web"
            },
            {
                "Id": 103792,
                "Text": "Đóng trang web"
            },
            {
                "Id": 103793,
                "Text": "Thay đổi nội dung của trang web"
            },
            {
                "Id": 103794,
                "Text": "Lấy thông tin title của trang web"
            }
        ]
    },
    {
        "Id": 25029,
        "Text": "Sử dụng lớp nào để truy cập và thay đổi thông tin trên trình duyệt mặc định của hệ điều hành Android?",
        "Marks": 1,
        "AnswerId": 103798,
        "Answers": [
            {
                "Id": 103795,
                "Text": "WebClient"
            },
            {
                "Id": 103796,
                "Text": "WebSafariClient"
            },
            {
                "Id": 103797,
                "Text": "WebFirefoxClient"
            },
            {
                "Id": 103798,
                "Text": "WebViewClient"
            }
        ]
    },
    {
        "Id": 25030,
        "Text": "Câu nào là sai đối với WebView?",
        "Marks": 1,
        "AnswerId": 103800,
        "Answers": [
            {
                "Id": 103799,
                "Text": "Không có widget cho brownser activity"
            },
            {
                "Id": 103800,
                "Text": "Không thể sử dụng tag trong XML layout"
            },
            {
                "Id": 103801,
                "Text": "Click vào link sẽ gọi trình duyệt"
            },
            {
                "Id": 103802,
                "Text": "Có thể sử dụng tag trong XML layout"
            }
        ]
    },
    {
        "Id": 25031,
        "Text": "Phương thức nào của WebSettings để cho phép WebView hỗ trợ JavaScript?",
        "Marks": 1,
        "AnswerId": 103806,
        "Answers": [
            {
                "Id": 103803,
                "Text": "setJavaScriptEnabled(false)"
            },
            {
                "Id": 103804,
                "Text": "setJavaScript(true)"
            },
            {
                "Id": 103805,
                "Text": "setJavaScriptEnable(true)"
            },
            {
                "Id": 103806,
                "Text": "setJavaScriptEnabled(true)"
            }
        ]
    },
    {
        "Id": 25032,
        "Text": "Khi thời gian kết nối đến một URL quá timeout, phương thức getInputStream() sẽ đưa ra ngoại lệ nào?",
        "Marks": 1,
        "AnswerId": 103809,
        "Answers": [
            {
                "Id": 103807,
                "Text": "java.net.TimeoutException"
            },
            {
                "Id": 103808,
                "Text": "java.net.SocketException"
            },
            {
                "Id": 103809,
                "Text": "java.net.SocketTimeoutException"
            },
            {
                "Id": 103810,
                "Text": "java.net.SocketTimeout"
            }
        ]
    },
    {
        "Id": 25033,
        "Text": "Chương trình sử dụng WebView phải có quyền gì?",
        "Marks": 1,
        "AnswerId": 103811,
        "Answers": [
            {
                "Id": 103811,
                "Text": "android.permission.AUTHENTICATE_ACCOUNTS"
            },
            {
                "Id": 103812,
                "Text": "android.permission.BIND_APPWIDGET"
            },
            {
                "Id": 103813,
                "Text": "android.permission.INTERNET"
            },
            {
                "Id": 103814,
                "Text": "android.permission.BIND_INPUT_METHOD"
            }
        ]
    },
    {
        "Id": 25034,
        "Text": "Sử dụng phương thức nào để lấy thông tin tiêu đề trên trang web chạy trên trình duyệt?",
        "Marks": 1,
        "AnswerId": 103817,
        "Answers": [
            {
                "Id": 103815,
                "Text": "onReceiveTitle"
            },
            {
                "Id": 103816,
                "Text": "onReceivedHeader"
            },
            {
                "Id": 103817,
                "Text": "onReceivedTitle"
            },
            {
                "Id": 103818,
                "Text": "onReceiveHeader"
            }
        ]
    },
    {
        "Id": 25035,
        "Text": "Để tải thông tin qua HTTP, chúng ta phải làm gì?",
        "Marks": 1,
        "AnswerId": 103821,
        "Answers": [
            {
                "Id": 103819,
                "Text": "Sử dụng HttpGet"
            },
            {
                "Id": 103820,
                "Text": "Không thể tải thông tin qua HTTP"
            },
            {
                "Id": 103821,
                "Text": "Sử dụng thư viện chuẩn của Java"
            },
            {
                "Id": 103822,
                "Text": "Sử dụng URLRequesting"
            }
        ]
    },
    {
        "Id": 25036,
        "Text": "URI nào được sử dụng để lấy bookmark của trình duyệt?",
        "Marks": 1,
        "AnswerId": 103824,
        "Answers": [
            {
                "Id": 103823,
                "Text": "content://firefox/bookmarks"
            },
            {
                "Id": 103824,
                "Text": "content://browser/bookmarks"
            },
            {
                "Id": 103825,
                "Text": "content://chrome/bookmarks"
            },
            {
                "Id": 103826,
                "Text": "content://safari/bookmarks"
            }
        ]
    },
    {
        "Id": 25037,
        "Text": "Để lưu trữ SQLite trên thẻ nhớ, phải cung cấp quyền gì trong Android Manifest?",
        "Marks": 1,
        "AnswerId": 103828,
        "Answers": [
            {
                "Id": 103827,
                "Text": "android.permission.ACCESS_CHECKIN_PROPERTIES"
            },
            {
                "Id": 103828,
                "Text": "android.permission.WRITE_EXTERNAL_STORAGE"
            },
            {
                "Id": 103829,
                "Text": "android.permission.ACCESS_CHECKIN_PROPERTIES"
            },
            {
                "Id": 103830,
                "Text": "android.permission.WRITE_SETTINGS"
            }
        ]
    },
    {
        "Id": 25038,
        "Text": "Để sử dụng ContentProvider truy cập danh sách cuộc gọi gần đây, bạn phải bổ sung thêm quyền gì vào Android Manifest?",
        "Marks": 1,
        "AnswerId": 103833,
        "Answers": [
            {
                "Id": 103831,
                "Text": "android.permission.READ_CALLS"
            },
            {
                "Id": 103832,
                "Text": "android.permission.READ_CALL"
            },
            {
                "Id": 103833,
                "Text": "android.permission.READ_CALL_LOG"
            },
            {
                "Id": 103834,
                "Text": "android.permission.READ_HISTORY"
            }
        ]
    },
    {
        "Id": 25039,
        "Text": "Trong SQLiteOpenHelper, phương thức nào được gọi khi cơ sở dữ liệu được tạo ra lần đầu tiên?",
        "Marks": 1,
        "AnswerId": 103835,
        "Answers": [
            {
                "Id": 103835,
                "Text": "onCreate"
            },
            {
                "Id": 103836,
                "Text": "onUpgrade"
            },
            {
                "Id": 103837,
                "Text": "onResume"
            },
            {
                "Id": 103838,
                "Text": "onOpen"
            }
        ]
    },
    {
        "Id": 25040,
        "Text": "URI nào được sử dụng lấy thông tin của liên hệ có ID bằng 6?",
        "Marks": 1,
        "AnswerId": 103839,
        "Answers": [
            {
                "Id": 103839,
                "Text": "content://contacts/people/6"
            },
            {
                "Id": 103840,
                "Text": "content://contacts/contact/6"
            },
            {
                "Id": 103841,
                "Text": "content://contacts/people/3"
            },
            {
                "Id": 103842,
                "Text": "content://contacts/person/6"
            }
        ]
    },
    {
        "Id": 25041,
        "Text": "Lệnh database.delete(\"lop\",null,null) sẽ xóa toàn bộ dữ liệu của bảng Lớp?",
        "Marks": 1,
        "AnswerId": 103843,
        "Answers": [
            {
                "Id": 103843,
                "Text": "Đúng"
            },
            {
                "Id": 103844,
                "Text": "array"
            },
            {
                "Id": 103845,
                "Text": "cursor"
            },
            {
                "Id": 103846,
                "Text": "custom type"
            },
            {
                "Id": 103847,
                "Text": "Sai"
            },
            {
                "Id": 103848,
                "Text": "String"
            }
        ]
    },
    {
        "Id": 25042,
        "Text": "Lớp nào trợ giúp tạo ra cơ sở dữ liệu và phiên bản cho chúng?",
        "Marks": 1,
        "AnswerId": 103852,
        "Answers": [
            {
                "Id": 103849,
                "Text": "SQLiteCloseHelper"
            },
            {
                "Id": 103850,
                "Text": "SQLiteHelper"
            },
            {
                "Id": 103851,
                "Text": "SQLiteOpenHelp"
            },
            {
                "Id": 103852,
                "Text": "SQLiteOpenHelper"
            }
        ]
    },
    {
        "Id": 25043,
        "Text": "Hãy cho biết điều gì xảy ra sau khi chạy các lệnh sau: ContentValues values = new ContentValues(); values.put(\"tensinhvien\",\"abc\"); values.put(\"tuoi\",20); database.insert(tbSinhvien, null, values);",
        "Marks": 1,
        "AnswerId": 103853,
        "Answers": [
            {
                "Id": 103853,
                "Text": "Chương trình có lỗi khi chạy"
            },
            {
                "Id": 103854,
                "Text": "Chương trình có lỗi khi biên dịch"
            },
            {
                "Id": 103855,
                "Text": "Chương trình sẽ thêm mới sinh viên có tên là abc và tuổi là 20"
            },
            {
                "Id": 103856,
                "Text": "Chương trình sẽ thêm mới sinh viên và các trường có giá trị là rỗng"
            }
        ]
    },
    {
        "Id": 25044,
        "Text": "Trong SQLiteOpenHelper, phương thức nào được gọi khi cơ sở dữ liệu được mở?",
        "Marks": 1,
        "AnswerId": 103858,
        "Answers": [
            {
                "Id": 103857,
                "Text": "upUpgrade"
            },
            {
                "Id": 103858,
                "Text": "onOpen"
            },
            {
                "Id": 103859,
                "Text": "onCreate"
            },
            {
                "Id": 103860,
                "Text": "onResume"
            }
        ]
    },
    {
        "Id": 25045,
        "Text": "Hãy cho biết điều gì xảy ra sau khi chạy các lệnh sau: ContentValues values = new ContentValues(); values.put(tensinhvien,abc); values.put(tuoi,30); database.insert(tbSinhvien, null, values);",
        "Marks": 1,
        "AnswerId": 103862,
        "Answers": [
            {
                "Id": 103861,
                "Text": "Chương trình sẽ thêm mới sinh viên có tên là abc và tuổi là 30"
            },
            {
                "Id": 103862,
                "Text": "Chương trình có lỗi khi biên dịch"
            },
            {
                "Id": 103863,
                "Text": "Chương trình có lỗi khi chạy"
            },
            {
                "Id": 103864,
                "Text": "Chương trình sẽ thêm mới sinh viên và các trường có giá trị là rỗng"
            }
        ]
    },
    {
        "Id": 25046,
        "Text": "Lớp SharedPreferences cung cấp một framework để lưu trữ dữ liệu dưới dạng key value?",
        "Marks": 1,
        "AnswerId": 103865,
        "Answers": [
            {
                "Id": 103865,
                "Text": "Đúng"
            },
            {
                "Id": 103866,
                "Text": "Sai"
            }
        ]
    },
    {
        "Id": 25047,
        "Text": "Để xóa toàn bộ dữ liệu trong SharePreferences, sử dụng phương thức gì?",
        "Marks": 1,
        "AnswerId": 103870,
        "Answers": [
            {
                "Id": 103867,
                "Text": "update()"
            },
            {
                "Id": 103868,
                "Text": "delete()"
            },
            {
                "Id": 103869,
                "Text": "suspend()"
            },
            {
                "Id": 103870,
                "Text": "clear()"
            }
        ]
    },
    {
        "Id": 25048,
        "Text": "Sử dụng phương thức nào để lấy giá trị có kiểu String từ trong SharePreferences, nếu không có thì để giá trị mặc định là xâu rỗng?",
        "Marks": 1,
        "AnswerId": 103871,
        "Answers": [
            {
                "Id": 103871,
                "Text": "getString(\"cardnumber\",\"\")"
            },
            {
                "Id": 103872,
                "Text": "getInt(\"cardnumber\",\"\")"
            },
            {
                "Id": 103873,
                "Text": "getStringValue(\"cardnumber\",\"\")"
            },
            {
                "Id": 103874,
                "Text": "gettingString(\"cardnumber\",\"\")"
            }
        ]
    },
    {
        "Id": 25049,
        "Text": "Các thông tin được lưu vào bộ nhớ trong sẽ không bị xóa khi ứng dụng bị xóa?",
        "Marks": 1,
        "AnswerId": 103875,
        "Answers": [
            {
                "Id": 103875,
                "Text": "Sai"
            },
            {
                "Id": 103876,
                "Text": "Đúng"
            }
        ]
    },
    {
        "Id": 25050,
        "Text": "Khi thiết bị Android thiếu dung lượng, hệ điều hành Android sẽ tự động xóa file cache để dọn dẹp bộ nhớ?",
        "Marks": 1,
        "AnswerId": 103877,
        "Answers": [
            {
                "Id": 103877,
                "Text": "Đúng"
            },
            {
                "Id": 103878,
                "Text": "Sai"
            }
        ]
    },
    {
        "Id": 25051,
        "Text": "Ưu điểm của lưu trữ thông tin trên thẻ nhớ so với bộ nhớ trong là bảo mật hơn?",
        "Marks": 1,
        "AnswerId": 103880,
        "Answers": [
            {
                "Id": 103879,
                "Text": "Đúng"
            },
            {
                "Id": 103880,
                "Text": "Sai"
            }
        ]
    },
    {
        "Id": 25052,
        "Text": "Mặc định, thông tin lưu trữ trong bộ nhớ trong của ứng dụng Android là riêng tư đối với các ứng dụng khác?",
        "Marks": 1,
        "AnswerId": 103881,
        "Answers": [
            {
                "Id": 103881,
                "Text": "Đúng"
            },
            {
                "Id": 103882,
                "Text": "Sai"
            }
        ]
    },
    {
        "Id": 25053,
        "Text": "Sử dụng phương thức nào để lấy đường dẫn đến file test.txt trên SDCard?",
        "Marks": 1,
        "AnswerId": 103885,
        "Answers": [
            {
                "Id": 103883,
                "Text": "Environment.getExternalStorageDirectory().getPath() + \"/test.txt\""
            },
            {
                "Id": 103884,
                "Text": "Environment.getStorageDirectory().getAbsolutePath() + \"/test.txt\""
            },
            {
                "Id": 103885,
                "Text": "Environment.getExternalStorageDirectory().getAbsolutePath() + \"/test.txt\""
            },
            {
                "Id": 103886,
                "Text": "Environment.getInternalStorageDirectory().getAbsolutePath() + \"/test.txt\""
            }
        ]
    },
    {
        "Id": 25054,
        "Text": "File SharePreference được lưu dưới dạng định dạng gì?",
        "Marks": 1,
        "AnswerId": 103889,
        "Answers": [
            {
                "Id": 103887,
                "Text": "ASP.NET"
            },
            {
                "Id": 103888,
                "Text": "HTML5"
            },
            {
                "Id": 103889,
                "Text": "XML"
            },
            {
                "Id": 103890,
                "Text": "HTML"
            }
        ]
    },
    {
        "Id": 25055,
        "Text": "Khi ứng dụng bị đóng, dữ liệu SharedPreferences sẽ tự động bị xóa theo?",
        "Marks": 1,
        "AnswerId": 103891,
        "Answers": [
            {
                "Id": 103891,
                "Text": "Đúng"
            },
            {
                "Id": 103892,
                "Text": "Sai"
            }
        ]
    },
    {
        "Id": 25056,
        "Text": "Intent filter được sử dụng để gọi Activity trong chương trình?",
        "Marks": 1,
        "AnswerId": 103893,
        "Answers": [
            {
                "Id": 103893,
                "Text": "FALSE"
            },
            {
                "Id": 103894,
                "Text": "TRUE"
            }
        ]
    },
    {
        "Id": 25057,
        "Text": "Để khởi tạo Activity và lấy kết quả trả về, phải sử dụng phương thức nào?",
        "Marks": 1,
        "AnswerId": 103896,
        "Answers": [
            {
                "Id": 103895,
                "Text": "startActivityResult()"
            },
            {
                "Id": 103896,
                "Text": "startActivityForResult()"
            },
            {
                "Id": 103897,
                "Text": "startActivity()"
            },
            {
                "Id": 103898,
                "Text": "Không có phương thức nào hỗ trợ lấy kết quả trả về khi khởi tạo một Activity"
            }
        ]
    },
    {
        "Id": 25058,
        "Text": "Dùng phương thức gì để thêm dữ liệu của Int vào Bundle?",
        "Marks": 1,
        "AnswerId": 103899,
        "Answers": [
            {
                "Id": 103899,
                "Text": "putInt"
            },
            {
                "Id": 103900,
                "Text": "putInteger"
            },
            {
                "Id": 103901,
                "Text": "pushInt"
            },
            {
                "Id": 103902,
                "Text": "pushInteger"
            }
        ]
    },
    {
        "Id": 25059,
        "Text": "Để thực hiện cuộc gọi trong ứng dụng Android, phải sử dụng perrmission gì?",
        "Marks": 1,
        "AnswerId": 103906,
        "Answers": [
            {
                "Id": 103903,
                "Text": "android.permission.CALL"
            },
            {
                "Id": 103904,
                "Text": "android.permission.CALL_TEL"
            },
            {
                "Id": 103905,
                "Text": "android.permission.CALLING"
            },
            {
                "Id": 103906,
                "Text": "android.permission.CALL_PHONE"
            }
        ]
    },
    {
        "Id": 25060,
        "Text": "Trong Bundle,dùng phương thức gì để nhận dữ liệu trả về có kiểu Int?",
        "Marks": 1,
        "AnswerId": 103907,
        "Answers": [
            {
                "Id": 103907,
                "Text": "getInt"
            },
            {
                "Id": 103908,
                "Text": "receiveInteger"
            },
            {
                "Id": 103909,
                "Text": "getInteger"
            },
            {
                "Id": 103910,
                "Text": "receiveInt"
            }
        ]
    },
    {
        "Id": 25061,
        "Text": "Sử dụng đối tượng gì để truyền dữ liệu qua lại giữa các Activity?",
        "Marks": 1,
        "AnswerId": 103911,
        "Answers": [
            {
                "Id": 103911,
                "Text": "Bundle"
            },
            {
                "Id": 103912,
                "Text": "Package"
            },
            {
                "Id": 103913,
                "Text": "BundleData"
            },
            {
                "Id": 103914,
                "Text": "PackageData"
            }
        ]
    },
    {
        "Id": 25062,
        "Text": "Cặp Action/Data dưới đây dùng để làm gì? ACTION_EDIT content://contacts/people/2",
        "Marks": 1,
        "AnswerId": 103916,
        "Answers": [
            {
                "Id": 103915,
                "Text": "Xem thông tin liên hệ có ID bằng 2"
            },
            {
                "Id": 103916,
                "Text": "Sửa thông tin liên hệ có ID bằng 2"
            },
            {
                "Id": 103917,
                "Text": "Thêm mới thông tin liên hệ có ID bằng 2"
            },
            {
                "Id": 103918,
                "Text": "Xóa thông tin liên hệ có ID bằng 2"
            }
        ]
    },
    {
        "Id": 25063,
        "Text": "URI viết tắt của từ gì?",
        "Marks": 1,
        "AnswerId": 103920,
        "Answers": [
            {
                "Id": 103919,
                "Text": "Uniform Resource Identifying"
            },
            {
                "Id": 103920,
                "Text": "Uniform Resource Identifier"
            },
            {
                "Id": 103921,
                "Text": "Uniform Resources Identifier"
            },
            {
                "Id": 103922,
                "Text": "Unique Resource Identifier"
            }
        ]
    },
    {
        "Id": 25064,
        "Text": "Để di chuyển từ Activity này đến Activity khác sử dụng thành phần gì trong Android?",
        "Marks": 1,
        "AnswerId": 103924,
        "Answers": [
            {
                "Id": 103923,
                "Text": "Activity"
            },
            {
                "Id": 103924,
                "Text": "Intent"
            },
            {
                "Id": 103925,
                "Text": "Intent Filter"
            },
            {
                "Id": 103926,
                "Text": "Content Provider"
            }
        ]
    },
    {
        "Id": 25065,
        "Text": "Để chỉ đến các tài nguyên trong máy, ví dụ như xem file mp3, chúng ta phải sử dụng cái gì?",
        "Marks": 1,
        "AnswerId": 103930,
        "Answers": [
            {
                "Id": 103927,
                "Text": "URF"
            },
            {
                "Id": 103928,
                "Text": "URL"
            },
            {
                "Id": 103929,
                "Text": "URN"
            },
            {
                "Id": 103930,
                "Text": "URI"
            }
        ]
    },
    {
        "Id": 25066,
        "Text": "Lớp nào được sử dụng để khởi tạo menu từ file XML menu?",
        "Marks": 1,
        "AnswerId": 103933,
        "Answers": [
            {
                "Id": 103931,
                "Text": "Menu"
            },
            {
                "Id": 103932,
                "Text": "Xmlmenu"
            },
            {
                "Id": 103933,
                "Text": "MenuInflater"
            },
            {
                "Id": 103934,
                "Text": "MenuInflating"
            }
        ]
    },
    {
        "Id": 25067,
        "Text": "Phương thức nào dùng để enable hoặc disable một item trong Menu?",
        "Marks": 1,
        "AnswerId": 103936,
        "Answers": [
            {
                "Id": 103935,
                "Text": "Các item trong Menu không thể disable"
            },
            {
                "Id": 103936,
                "Text": "onPrepareOptionsMenu"
            },
            {
                "Id": 103937,
                "Text": "onCreateOptionsMenu"
            },
            {
                "Id": 103938,
                "Text": "onShowOptionsMenu"
            }
        ]
    },
    {
        "Id": 25068,
        "Text": "Lệnh nào dùng để hiển thị một thông báo trên màn hình?",
        "Marks": 1,
        "AnswerId": 103940,
        "Answers": [
            {
                "Id": 103939,
                "Text": "Toast.makeText(context, “Message”);"
            },
            {
                "Id": 103940,
                "Text": "Toast.makeText(context, “Message”, Toast.LENGTH_SHORT).show();"
            },
            {
                "Id": 103941,
                "Text": "Toast.makeText(“Message”, Toast.LENGTH_SHORT).show();"
            },
            {
                "Id": 103942,
                "Text": "Toast.makeText(context, “Message”, Toast.LENGTH_SHORT);"
            },
            {
                "Id": 103943,
                "Text": "Toast.displayText(“Message”, Toast.LENGTH_SHORT).show();"
            }
        ]
    },
    {
        "Id": 25069,
        "Text": "Phương thức setOnCreateContextMenuListener được sử dụng để làm gì?",
        "Marks": 1,
        "AnswerId": 103945,
        "Answers": [
            {
                "Id": 103944,
                "Text": "Xử lý sự kiện khi một menu item của Context Menu được chọn"
            },
            {
                "Id": 103945,
                "Text": "Đăng ký một context menu với một View"
            },
            {
                "Id": 103946,
                "Text": "Xử lý sự kiện khi một menu item của Option Menu được chọn"
            },
            {
                "Id": 103947,
                "Text": "Đăng ký một option menu với một View"
            }
        ]
    },
    {
        "Id": 25070,
        "Text": "Khai báo layout cho XML Menu nằm trong thư mục nào?",
        "Marks": 1,
        "AnswerId": 103948,
        "Answers": [
            {
                "Id": 103948,
                "Text": "res/menu"
            },
            {
                "Id": 103949,
                "Text": "res/values"
            },
            {
                "Id": 103950,
                "Text": "res/drawable-hdpi"
            },
            {
                "Id": 103951,
                "Text": "res/layout"
            },
            {
                "Id": 103952,
                "Text": "res/drawable-ldpi"
            }
        ]
    },
    {
        "Id": 25071,
        "Text": "Thư mục nào để chứa layout cho giao diện khi màn hình ở chế độ portrait mode?",
        "Marks": 1,
        "AnswerId": 103956,
        "Answers": [
            {
                "Id": 103953,
                "Text": "res/values"
            },
            {
                "Id": 103954,
                "Text": "res/layout-land"
            },
            {
                "Id": 103955,
                "Text": "res/menu"
            },
            {
                "Id": 103956,
                "Text": "res/layout"
            }
        ]
    },
    {
        "Id": 25072,
        "Text": "Làm thế nào để khi chọn một thông báo notification trên Status Bar, sẽ hiển thị một giao diện tương ứng?",
        "Marks": 1,
        "AnswerId": 103957,
        "Answers": [
            {
                "Id": 103957,
                "Text": "Tạo một Intent để khởi tạo một Activity khi notification được chọn"
            },
            {
                "Id": 103958,
                "Text": "Sử dụng Toast.makeText"
            },
            {
                "Id": 103959,
                "Text": "Tạo mới một Diaglog"
            },
            {
                "Id": 103960,
                "Text": "Không thể hiển thị một giao diện tương ứng khi chọn một thông báo notification trên Status Bar"
            }
        ]
    },
    {
        "Id": 25073,
        "Text": "Câu nào sau đây là đúng?",
        "Marks": 1,
        "AnswerId": 103964,
        "Answers": [
            {
                "Id": 103961,
                "Text": "Option Menu hỗ trợ checkbox"
            },
            {
                "Id": 103962,
                "Text": "Option Menu và Context Menu xuất hiện khi ấn vào phím Menu trên điện thoại"
            },
            {
                "Id": 103963,
                "Text": "Option Menu hỗ trợ radiobutton"
            },
            {
                "Id": 103964,
                "Text": "Option Menu xuất hiện khi ấn vào phím Menu, Context Menu xuất hiện khi click vào View một vài giây"
            }
        ]
    },
    {
        "Id": 25074,
        "Text": "Phương thức nào được sử dụng để xử lý khi một View được click và giữ một lúc?",
        "Marks": 1,
        "AnswerId": 103966,
        "Answers": [
            {
                "Id": 103965,
                "Text": "setOnTouchListener"
            },
            {
                "Id": 103966,
                "Text": "setOnLongClickListener"
            },
            {
                "Id": 103967,
                "Text": "setOnKeyListener"
            },
            {
                "Id": 103968,
                "Text": "setOnClickListener"
            }
        ]
    },
    {
        "Id": 25075,
        "Text": "Để tạo mới một Alert Dialog, chúng ta phải sử dụng lớp nào?",
        "Marks": 1,
        "AnswerId": 103971,
        "Answers": [
            {
                "Id": 103969,
                "Text": "AlertDialog.Create"
            },
            {
                "Id": 103970,
                "Text": "AlertDialog.Building"
            },
            {
                "Id": 103971,
                "Text": "AlertDialog.Builder"
            },
            {
                "Id": 103972,
                "Text": "AlertDialog.Creating"
            }
        ]
    },
    {
        "Id": 25076,
        "Text": "Giá trị mặc định của thuộc tính android:layout_weight là bao nhiêu?",
        "Marks": 1,
        "AnswerId": 103976,
        "Answers": [
            {
                "Id": 103973,
                "Text": "2"
            },
            {
                "Id": 103974,
                "Text": "1"
            },
            {
                "Id": 103975,
                "Text": "3"
            },
            {
                "Id": 103976,
                "Text": "0"
            },
            {
                "Id": 103977,
                "Text": "4"
            }
        ]
    },
    {
        "Id": 25077,
        "Text": "Mặc định mỗi dòng trong ListView là gì?",
        "Marks": 1,
        "AnswerId": 103979,
        "Answers": [
            {
                "Id": 103978,
                "Text": "Button"
            },
            {
                "Id": 103979,
                "Text": "TextView"
            },
            {
                "Id": 103980,
                "Text": "Spinner"
            },
            {
                "Id": 103981,
                "Text": "ProgressBar"
            }
        ]
    },
    {
        "Id": 25078,
        "Text": "Thư mục res chứa các thông tin gì?",
        "Marks": 1,
        "AnswerId": 103984,
        "Answers": [
            {
                "Id": 103982,
                "Text": "File mã nguồn Java"
            },
            {
                "Id": 103983,
                "Text": "ứng dụng"
            },
            {
                "Id": 103984,
                "Text": "Tài nguyên"
            },
            {
                "Id": 103985,
                "Text": "file tĩnh"
            }
        ]
    },
    {
        "Id": 25079,
        "Text": "Hàm nào bắt buộc phải gọi trước khi gọi hàm findViewById?",
        "Marks": 1,
        "AnswerId": 103989,
        "Answers": [
            {
                "Id": 103986,
                "Text": "startActivity"
            },
            {
                "Id": 103987,
                "Text": "getMenuInflater().inflate"
            },
            {
                "Id": 103988,
                "Text": "super.onCreate"
            },
            {
                "Id": 103989,
                "Text": "setContentView"
            }
        ]
    },
    {
        "Id": 25080,
        "Text": "Layout nào cho phép bố trí giao diện dưới dạng Tab?",
        "Marks": 1,
        "AnswerId": 103993,
        "Answers": [
            {
                "Id": 103990,
                "Text": "LinearLayout"
            },
            {
                "Id": 103991,
                "Text": "RelativeLayout"
            },
            {
                "Id": 103992,
                "Text": "FrameLayout"
            },
            {
                "Id": 103993,
                "Text": "TabLayout"
            }
        ]
    },
    {
        "Id": 25081,
        "Text": "Giá trị nào của thuộc tính android:layout_width và android:layout_height dùng để xác định View sẽ có chiều rộng và chiều cao bằng đối tượng View cha?",
        "Marks": 1,
        "AnswerId": 103996,
        "Answers": [
            {
                "Id": 103994,
                "Text": "full_parent"
            },
            {
                "Id": 103995,
                "Text": "wrapper_parent"
            },
            {
                "Id": 103996,
                "Text": "fill_parent"
            },
            {
                "Id": 103997,
                "Text": "wrap_parent"
            }
        ]
    },
    {
        "Id": 25082,
        "Text": "File layout nằm trong thư mục nào của Android Project?",
        "Marks": 1,
        "AnswerId": 103998,
        "Answers": [
            {
                "Id": 103998,
                "Text": "res/drawable-ldpi"
            },
            {
                "Id": 103999,
                "Text": "res/values"
            },
            {
                "Id": 104000,
                "Text": "res/layout"
            },
            {
                "Id": 104001,
                "Text": "res/drawable-hdpi"
            },
            {
                "Id": 104002,
                "Text": "res/menu"
            }
        ]
    },
    {
        "Id": 25083,
        "Text": "Thay đổi thông tin về theme của ứng dụng, chúng ta thay đổi trong file nào?",
        "Marks": 1,
        "AnswerId": 104003,
        "Answers": [
            {
                "Id": 104003,
                "Text": "AndroidManifest.xml"
            },
            {
                "Id": 104004,
                "Text": "main.xml"
            },
            {
                "Id": 104005,
                "Text": "MainActivity.java"
            },
            {
                "Id": 104006,
                "Text": "activity_main.xml"
            }
        ]
    },
    {
        "Id": 25084,
        "Text": "Tất cả thành phần của chương trình được nhóm trong tag nào của AndroidManifest?",
        "Marks": 1,
        "AnswerId": 104007,
        "Answers": [
            {
                "Id": 104007,
                "Text": "application"
            },
            {
                "Id": 104008,
                "Text": "applications"
            },
            {
                "Id": 104009,
                "Text": "permission"
            },
            {
                "Id": 104010,
                "Text": "user-permission"
            }
        ]
    },
    {
        "Id": 25085,
        "Text": "Layout nào cho phép sắp xếp các view con ở phía trong theo chiều dọc hoặc chiều ngang?",
        "Marks": 1,
        "AnswerId": 104012,
        "Answers": [
            {
                "Id": 104011,
                "Text": "RelativeLayout"
            },
            {
                "Id": 104012,
                "Text": "LinearLayout"
            },
            {
                "Id": 104013,
                "Text": "FrameLayout"
            },
            {
                "Id": 104014,
                "Text": "TabLayout"
            }
        ]
    },
    {
        "Id": 25086,
        "Text": "Lớp nào sau đây là lớp cha của lớp ứng dụng chính của ứng dụng Android (lớp có giao diện người dùng)?",
        "Marks": 1,
        "AnswerId": 104019,
        "Answers": [
            {
                "Id": 104015,
                "Text": "AppLet"
            },
            {
                "Id": 104016,
                "Text": "MIDLet"
            },
            {
                "Id": 104017,
                "Text": "AndroidApp"
            },
            {
                "Id": 104018,
                "Text": "Application"
            },
            {
                "Id": 104019,
                "Text": "Activity"
            }
        ]
    },
    {
        "Id": 25087,
        "Text": "Khởi tạo activity bằng cách gọi hàm nào?",
        "Marks": 1,
        "AnswerId": 104021,
        "Answers": [
            {
                "Id": 104020,
                "Text": "activitiesStart"
            },
            {
                "Id": 104021,
                "Text": "startActivity"
            },
            {
                "Id": 104022,
                "Text": "activitiesStarting"
            },
            {
                "Id": 104023,
                "Text": "activityStarting"
            },
            {
                "Id": 104024,
                "Text": "startActivities"
            },
            {
                "Id": 104025,
                "Text": "activityStart"
            }
        ]
    },
    {
        "Id": 25088,
        "Text": "Phương thức nào thích hợp nhất để lưu các dữ liệu quan trọng?",
        "Marks": 1,
        "AnswerId": 104029,
        "Answers": [
            {
                "Id": 104026,
                "Text": "Activity.onStop()"
            },
            {
                "Id": 104027,
                "Text": "Activity.onFreeze()"
            },
            {
                "Id": 104028,
                "Text": "Activity.onDestroy()"
            },
            {
                "Id": 104029,
                "Text": "Activity.onPause()"
            },
            {
                "Id": 104030,
                "Text": "Activity.onPausing()"
            }
        ]
    },
    {
        "Id": 25089,
        "Text": "Để thay đổi biểu tưởng của ứng dụng trong launcher, chúng ta phải thay đổi file nào?",
        "Marks": 1,
        "AnswerId": 104034,
        "Answers": [
            {
                "Id": 104031,
                "Text": "start.png"
            },
            {
                "Id": 104032,
                "Text": "starts.png"
            },
            {
                "Id": 104033,
                "Text": "icons.png"
            },
            {
                "Id": 104034,
                "Text": "icon.png"
            },
            {
                "Id": 104035,
                "Text": "app.png"
            }
        ]
    },
    {
        "Id": 25090,
        "Text": "SubActivity là gì?",
        "Marks": 1,
        "AnswerId": 104036,
        "Answers": [
            {
                "Id": 104036,
                "Text": "Là activity được gọi bởi activity khác"
            },
            {
                "Id": 104037,
                "Text": "Là activity con"
            },
            {
                "Id": 104038,
                "Text": "Là activity của hệ thống"
            },
            {
                "Id": 104039,
                "Text": "Là activity hiện tại đang hiển thị trên màn hình điện thoại"
            },
            {
                "Id": 104040,
                "Text": "Là activity đang bị tạm dừng"
            }
        ]
    },
    {
        "Id": 25091,
        "Text": "Phương thức nào được gọi khi activity đầu tiên được tạo?",
        "Marks": 1,
        "AnswerId": 104044,
        "Answers": [
            {
                "Id": 104041,
                "Text": "onPause()"
            },
            {
                "Id": 104042,
                "Text": "onDestroy()"
            },
            {
                "Id": 104043,
                "Text": "onCreating()"
            },
            {
                "Id": 104044,
                "Text": "onCreate()"
            },
            {
                "Id": 104045,
                "Text": "onPausing()"
            },
            {
                "Id": 104046,
                "Text": "onDestroying()"
            }
        ]
    },
    {
        "Id": 25092,
        "Text": "File nào chứa thông tin tên ứng dụng, version android tối thiểu mà ứng dụng đòi hỏi?",
        "Marks": 1,
        "AnswerId": 104049,
        "Answers": [
            {
                "Id": 104047,
                "Text": "activity_main.xml"
            },
            {
                "Id": 104048,
                "Text": "string.xml"
            },
            {
                "Id": 104049,
                "Text": "AndroidManifest.xml"
            },
            {
                "Id": 104050,
                "Text": "R.java"
            }
        ]
    },
    {
        "Id": 25093,
        "Text": "File nào có chứa các thông tin Resource ID dùng để truy cập đến các tài nguyên (drawable, layout, styles, string)?",
        "Marks": 1,
        "AnswerId": 104055,
        "Answers": [
            {
                "Id": 104051,
                "Text": "Resource.java"
            },
            {
                "Id": 104052,
                "Text": "strings.java"
            },
            {
                "Id": 104053,
                "Text": "style.java"
            },
            {
                "Id": 104054,
                "Text": "Resources.java"
            },
            {
                "Id": 104055,
                "Text": "R.java"
            },
            {
                "Id": 104056,
                "Text": "string.java"
            }
        ]
    },
    {
        "Id": 25094,
        "Text": "Phương thức nào là phương thức không đồng bộ?",
        "Marks": 1,
        "AnswerId": 104061,
        "Answers": [
            {
                "Id": 104057,
                "Text": "startedActivityForResult"
            },
            {
                "Id": 104058,
                "Text": "startActivitiesForResult"
            },
            {
                "Id": 104059,
                "Text": "startingActivitiesForResult"
            },
            {
                "Id": 104060,
                "Text": "startingActivityForResult"
            },
            {
                "Id": 104061,
                "Text": "startActivityForResult"
            },
            {
                "Id": 104062,
                "Text": "startedActivitiesForResult"
            }
        ]
    },
    {
        "Id": 25095,
        "Text": "Android manifest là file có định dạng gì?",
        "Marks": 1,
        "AnswerId": 104064,
        "Answers": [
            {
                "Id": 104063,
                "Text": "Java"
            },
            {
                "Id": 104064,
                "Text": "XML"
            },
            {
                "Id": 104065,
                "Text": "HTML5"
            },
            {
                "Id": 104066,
                "Text": "HTML"
            },
            {
                "Id": 104067,
                "Text": "C#"
            }
        ]
    },
    {
        "Id": 25096,
        "Text": "Công nghệ máy ảo nào do Google tạo ra cho hệ điều hành Android?",
        "Marks": 1,
        "AnswerId": 104071,
        "Answers": [
            {
                "Id": 104068,
                "Text": "VMWare"
            },
            {
                "Id": 104069,
                "Text": "Virtual Box"
            },
            {
                "Id": 104070,
                "Text": "Virtual Driver"
            },
            {
                "Id": 104071,
                "Text": "Dalvik Virtual Machine"
            }
        ]
    },
    {
        "Id": 25097,
        "Text": "Trong quá trình biên dịch, android project được biên dịch và đóng gói thành file có đuôi gì?",
        "Marks": 1,
        "AnswerId": 104075,
        "Answers": [
            {
                "Id": 104072,
                "Text": "exe"
            },
            {
                "Id": 104073,
                "Text": "dex"
            },
            {
                "Id": 104074,
                "Text": "bat"
            },
            {
                "Id": 104075,
                "Text": "apk"
            }
        ]
    },
    {
        "Id": 25098,
        "Text": "Các ứng dụng trên android được viết bằng ngôn ngữ nào?",
        "Marks": 1,
        "AnswerId": 104080,
        "Answers": [
            {
                "Id": 104076,
                "Text": "Python"
            },
            {
                "Id": 104077,
                "Text": "VB.NET"
            },
            {
                "Id": 104078,
                "Text": "C#"
            },
            {
                "Id": 104079,
                "Text": "C++"
            },
            {
                "Id": 104080,
                "Text": "Java"
            },
            {
                "Id": 104081,
                "Text": "PHP"
            }
        ]
    },
    {
        "Id": 25099,
        "Text": "IDE nào không dùng để phát triển ứng dụng trên Android?",
        "Marks": 1,
        "AnswerId": 104084,
        "Answers": [
            {
                "Id": 104082,
                "Text": "Net Bean"
            },
            {
                "Id": 104083,
                "Text": "Eclipse"
            },
            {
                "Id": 104084,
                "Text": "Visual Studio"
            },
            {
                "Id": 104085,
                "Text": "Android Studio"
            }
        ]
    },
    {
        "Id": 25100,
        "Text": "Các ứng dụng trên android được chuyển sang định dạng file gì để có thể chạy được trên máy ảo Dalvik?",
        "Marks": 1,
        "AnswerId": 104090,
        "Answers": [
            {
                "Id": 104086,
                "Text": "zar"
            },
            {
                "Id": 104087,
                "Text": "exe"
            },
            {
                "Id": 104088,
                "Text": "bat"
            },
            {
                "Id": 104089,
                "Text": "zip"
            },
            {
                "Id": 104090,
                "Text": "dex"
            }
        ]
    },
    {
        "Id": 25101,
        "Text": "Phiên bản android nào có tên là Ice Cream Sandwich?",
        "Marks": 1,
        "AnswerId": 104091,
        "Answers": [
            {
                "Id": 104091,
                "Text": "4"
            },
            {
                "Id": 104092,
                "Text": "2"
            },
            {
                "Id": 104093,
                "Text": "3"
            },
            {
                "Id": 104094,
                "Text": "4.4"
            },
            {
                "Id": 104095,
                "Text": "1.5"
            },
            {
                "Id": 104096,
                "Text": "1"
            }
        ]
    },
    {
        "Id": 25102,
        "Text": "Plugin nào được sử dụng với Eclipse để phát triển ứng dụng android?",
        "Marks": 1,
        "AnswerId": 104097,
        "Answers": [
            {
                "Id": 104097,
                "Text": "ADT plugin"
            },
            {
                "Id": 104098,
                "Text": "ADF plugin"
            },
            {
                "Id": 104099,
                "Text": "ADU plugin"
            },
            {
                "Id": 104100,
                "Text": "ADG plugin"
            }
        ]
    },
    {
        "Id": 25103,
        "Text": "Android Studio do công ty nào tạo ra?",
        "Marks": 1,
        "AnswerId": 104103,
        "Answers": [
            {
                "Id": 104101,
                "Text": "HTC"
            },
            {
                "Id": 104102,
                "Text": "Amazon"
            },
            {
                "Id": 104103,
                "Text": "Google"
            },
            {
                "Id": 104104,
                "Text": "Samsung"
            },
            {
                "Id": 104105,
                "Text": "Yahoo"
            },
            {
                "Id": 104106,
                "Text": "Nokia"
            }
        ]
    },
    {
        "Id": 25104,
        "Text": "Hiện tại nền tảng mobile nào có số lượng người dùng cao nhất?",
        "Marks": 1,
        "AnswerId": 104109,
        "Answers": [
            {
                "Id": 104107,
                "Text": "Tizen OS"
            },
            {
                "Id": 104108,
                "Text": "Symbian"
            },
            {
                "Id": 104109,
                "Text": "Android"
            },
            {
                "Id": 104110,
                "Text": "Firefox OS"
            },
            {
                "Id": 104111,
                "Text": "Window Phone"
            },
            {
                "Id": 104112,
                "Text": "iOS"
            }
        ]
    },
    {
        "Id": 25105,
        "Text": "Hãng điện thoại nào đang là hãng sản xuất nhiều nhất điện thoại sử dụng hệ điều hành Android?",
        "Marks": 1,
        "AnswerId": 104117,
        "Answers": [
            {
                "Id": 104113,
                "Text": "Motorola"
            },
            {
                "Id": 104114,
                "Text": "Lenovo"
            },
            {
                "Id": 104115,
                "Text": "LG"
            },
            {
                "Id": 104116,
                "Text": "HTC"
            },
            {
                "Id": 104117,
                "Text": "Samsung"
            }
        ]
    }
]