
    [
        {
            "Id": 24956, "Text": "Chọn phát biểu đúng về SQL Server A. Là hệ quản trị nội dung cho phép đồng thời một lúc có nhiều người dùng truy xuất đến dữ liệu. B. SQL Server sử dụng điển hình trong các hệ thống nhỏ đến trung bình chạy trên một hoặc nhiều máy chủ Windows C. Là hệ quản", "Marks": 1, "AnswerId": 103506, "Answers": [{ "Id": 103503, "Text": "B,D Đúng" }, { "Id": 103504, "Text": "D Đúng" }, { "Id": 103505, "Text": "A,B Đúng" }, { "Id": 103506, "Text": "C, B Đúng" }]
        }, { "Id": 24957, "Text": "SQL sử dụng ngôn ngữ nào sau đây để truy vấn CSDL: A. SQL B. PL-SQL C. Transact-SQL", "Marks": 1, "AnswerId": 103508, "Answers": [{ "Id": 103507, "Text": "B Đúng" }, { "Id": 103508, "Text": "C Đúng" }, { "Id": 103509, "Text": "Cả A, B, C đều sai" }, { "Id": 103510, "Text": "A Đúng" }] }, { "Id": 24958, "Text": "Câu lệnh nào sau đây là câu lệnh điều khiển dữ liệu (DCL) A DENY B CREATE C GRANT D REVOKE", "Marks": 1, "AnswerId": 103511, "Answers": [{ "Id": 103511, "Text": "A, C, D đúng" }, { "Id": 103512, "Text": "B, C , D đúng" }, { "Id": 103513, "Text": "A, B , Dđúng" }, { "Id": 103514, "Text": "A, B, C đúng" }] }, { "Id": 24959, "Text": "Để khởi động và dừng SQL Server sử dụng công cụ nào dưới đây:", "Marks": 1, "AnswerId": 103518, "Answers": [{ "Id": 103515, "Text": "SQL Server Start/Stop Manager" }, { "Id": 103516, "Text": "SQL Server Configuration Management" }, { "Id": 103517, "Text": "SQL Server Management Studio" }, { "Id": 103518, "Text": "SQL Server Configuration Manager" }] }, { "Id": 24960, "Text": "Các ứng dụng nào sau đây có thể truy cập tới hệ quản trị CSDL SQL Server", "Marks": 1, "AnswerId": 103520, "Answers": [{ "Id": 103519, "Text": "Ứng dụng .NET" }, { "Id": 103520, "Text": "Tất cả đáp án đều đúng" }, { "Id": 103521, "Text": "Ứng dụng Java" }, { "Id": 103522, "Text": "Ứng dụng Visual Basic 6" }] }, { "Id": 24961, "Text": "Phát biểu nào sau đây ĐÚNG về T-SQL?", "Marks": 1, "AnswerId": 103524, "Answers": [{ "Id": 103523, "Text": "Có thể sử dụng T-SQL để thao tác trên mọi hệ quản trị CSDL quan hệ" }, { "Id": 103524, "Text": "T-SQL là ngôn ngữ mở rộng của SQL chuẩn, cung cấp thêm các tính năng lập trình" }, { "Id": 103525, "Text": "T-SQL là tên gọi khác của ngôn ngữ SQL" }, { "Id": 103526, "Text": "Tất cả các đáp án đều sai" }] }, { "Id": 24962, "Text": "Nếu quá trình thực thi một câu lệnh SQL xảy ra lỗi cú pháp. SQL Server sẽ thông báo lỗi đó bằng cách", "Marks": 1, "AnswerId": 103529, "Answers": [{ "Id": 103527, "Text": "Hiển thị đường màu xanh lượn sóng gạch chân phần câu lệnh nhập sai và hiển thị một thông báo lỗi trong Tab Message" }, { "Id": 103528, "Text": "Hiển thị đường màu xanh lượn sóng gạch chân phần câu lệnh nhập sai và hiển thị một thông báo lỗi trong Tab Systax Error" }, { "Id": 103529, "Text": "Hiển thị đường màu đỏ lượn sóng gạch chân phần câu lệnh nhập sai và hiển thị một thông báo lỗi trong Tab Message" }, { "Id": 103530, "Text": "Hiển thị đường màu đỏ lượn sóng gạch chân phần câu lệnh nhập sai và hiển thị một thông báo lỗi trong Tab Systax Error" }] }, { "Id": 24963, "Text": "Các lỗi cú pháp nào sau đây thường gặp khi thực thi câu lệnh SQL A. Quên hoặc lựa chọn sai CSDL B. Viết sai tên bảng hoặc tên cột C. Viết sai từ khóa D. Bỏ sót dấu đóng ngoặc với một chuỗi ký tự.", "Marks": 1, "AnswerId": 103532, "Answers": [{ "Id": 103531, "Text": "B, C , D Đúng" }, { "Id": 103532, "Text": "Cả A, B, C, D đều đúng" }, { "Id": 103533, "Text": "A, D Đúng" }, { "Id": 103534, "Text": "A, B, C Đúng" }] }, { "Id": 24964, "Text": "Thao tác nào sau đây có thể thực hiện trên lược đồ CSDL?", "Marks": 1, "AnswerId": 103537, "Answers": [{ "Id": 103535, "Text": "Định nghĩa độ rộng của cột" }, { "Id": 103536, "Text": "Tất cả đáp án đều đúng" }, { "Id": 103537, "Text": "Thêm cột" }, { "Id": 103538, "Text": "Thêm dữ liệu cho một bảng CSDL" }] }, { "Id": 24965, "Text": "Khi kết nối tới CSDL SQL Server, tại hộp thoại Connect to Server của SQL Management Studio, chế độ xác thực nào sau đây người dùng phải nhập User Name và Password", "Marks": 1, "AnswerId": 103540, "Answers": [{ "Id": 103539, "Text": "Windows Authentication" }, { "Id": 103540, "Text": "SQL Server Authentication" }, { "Id": 103541, "Text": "Windows Authentication và SQL Server Authentication" }, { "Id": 103542, "Text": "Tất cả đáp án đều sai" }] }, { "Id": 24966, "Text": "Nên sử dụng kiểu dữ liệu nào sau đây để lưu chuỗi với độ dài cố định hỗ trợ UNICODE", "Marks": 1, "AnswerId": 103545, "Answers": [{ "Id": 103543, "Text": "Varchar" }, { "Id": 103544, "Text": "Char" }, { "Id": 103545, "Text": "Nchar" }, { "Id": 103546, "Text": "Nvarchar" }] }, { "Id": 24967, "Text": "Đâu là chú thích sử dụng trong T-SQL", "Marks": 1, "AnswerId": 103548, "Answers": [{ "Id": 103547, "Text": "*/ Chú thích dung */" }, { "Id": 103548, "Text": "--Chú thích đúng" }, { "Id": 103549, "Text": "/* Chú thích đúng /*" }, { "Id": 103550, "Text": "//Chú thích đúng" }] }, { "Id": 24968, "Text": "Lựa chọn nào sau đây không phải là kiểu dữ liệu của SQL Server:", "Marks": 1, "AnswerId": 103554, "Answers": [{ "Id": 103551, "Text": "datetime2" }, { "Id": 103552, "Text": "datetime" }, { "Id": 103553, "Text": "numeric" }, { "Id": 103554, "Text": "Tất cả đáp án đều sai" }] }, { "Id": 24969, "Text": "Có đoạn mã sau đây. DECLARE @a int, @b nchar(50) Đâu là câu lệnh gán giá trị cho @a và @b không gây lỗi định dạng dữ liệu", "Marks": 1, "AnswerId": 103557, "Answers": [{ "Id": 103555, "Text": "SELECT @a = 1, @b = \u0027kí tự Unicode\u0027" }, { "Id": 103556, "Text": "SET @a = 1, @b = \u0027kí tự Unicode\u0027" }, { "Id": 103557, "Text": "SET @a = 1, @b = N\u0027kí tự Unicode\u0027" }, { "Id": 103558, "Text": "SELECT @a = 1, @b = N\u0027kí tự Unicode\u0027" }] }, { "Id": 24970, "Text": "Để chỉnh sửa thuộc tính của các cột trong bảng sử dụng Management Studio, Click chuột phải vào tên bảng và chọn _______", "Marks": 1, "AnswerId": 103561, "Answers": [{ "Id": 103559, "Text": "Column Modify" }, { "Id": 103560, "Text": "Column Designer" }, { "Id": 103561, "Text": "Design" }, { "Id": 103562, "Text": "Table Design" }] }, { "Id": 24971, "Text": "Khi làm việc với hệ thống đa ngôn ngữ, kiểu dữ liệu nào sau đây thường được dùng để lưu trữ chuỗi", "Marks": 1, "AnswerId": 103564, "Answers": [{ "Id": 103563, "Text": "Char hoặc Varchar" }, { "Id": 103564, "Text": "Nchar hoặc Nvarchar" }, { "Id": 103565, "Text": "Varchar hoặc Nvarchar" }, { "Id": 103566, "Text": "Char hoặc Nchar" }] }, { "Id": 24972, "Text": "Phát biểu nào sau đây đúng về biến bảng", "Marks": 1, "AnswerId": 103567, "Answers": [{ "Id": 103567, "Text": "Có thể sử dụng câu lệnh UPDATE với biến bảng" }, { "Id": 103568, "Text": "Không thể sử dụng câu lệnh UPDATE và INSERT với biến bảng" }, { "Id": 103569, "Text": "Có thể sử dụng câu lệnh mọi câu lệnh INSERT, UPDATE, DELETE… với biến bảng" }, { "Id": 103570, "Text": "Có thể sử dụng câu lệnh SELECT INTO với biến bảng" }] }, { "Id": 24973, "Text": "SQL Server cung cấp bao nhiêu kiểu dữ liệu đơn", "Marks": 1, "AnswerId": 103572, "Answers": [{ "Id": 103571, "Text": "25" }, { "Id": 103572, "Text": "26" }, { "Id": 103573, "Text": "30" }, { "Id": 103574, "Text": "20" }] }, { "Id": 24974, "Text": "Để gán giá trị cho một biến bảng. Sử dụng câu lệnh nào sau đây", "Marks": 1, "AnswerId": 103576, "Answers": [{ "Id": 103575, "Text": "Tất cả đáp án đều sai" }, { "Id": 103576, "Text": "INSERT" }, { "Id": 103577, "Text": "SET" }, { "Id": 103578, "Text": "SELECT INTO" }] }, { "Id": 24975, "Text": "T- SQL hỗ trợ các loại biến nào sau đây:", "Marks": 1, "AnswerId": 103582, "Answers": [{ "Id": 103579, "Text": "Biến vô hướng" }, { "Id": 103580, "Text": "Tất cả đáp án đều sai" }, { "Id": 103581, "Text": "Biến bảng" }, { "Id": 103582, "Text": "Biến vô hướng và biến bảng" }] }, { "Id": 24976, "Text": "Giả sử biến @String được khai báo như sau DECLARE @String varchar.Mã kịch bản sau trả về kết quả là SET @String = \u0027SQL Server 2008\u0027 SELECT LEN(@String)", "Marks": 1, "AnswerId": 103586, "Answers": [{ "Id": 103583, "Text": "15" }, { "Id": 103584, "Text": "13" }, { "Id": 103585, "Text": "Lỗi" }, { "Id": 103586, "Text": "1" }] }, { "Id": 24977, "Text": "Cột InvoiceDate có kiểu dữ liệu SmallDatetime. Hàm CONVERT(varchar, InvoiceDate, a) trả lại kết quả cột InvoiceDate có định dạng dd-mm-yyyy. Vậy a có giá trị là bao nhiêu?", "Marks": 1, "AnswerId": 103590, "Answers": [{ "Id": 103587, "Text": "107" }, { "Id": 103588, "Text": "101" }, { "Id": 103589, "Text": "103" }, { "Id": 103590, "Text": "105" }] }, { "Id": 24978, "Text": "Biểu thức sau đây thực hiện phép nhân giữa dữ liệu lưu trong cột InvoiceTotal của bảng Invoices: InvoiceTotal * .0775. Nếu cột InvoiceTotal có kiểu money thì SQL sẽ thực hiện phép chuyển đổi ngầm nào sau đây:", "Marks": 1, "AnswerId": 103593, "Answers": [{ "Id": 103591, "Text": "Tất cả đáp án đều sai" }, { "Id": 103592, "Text": "Không thực hiện chuyển đổi ngầm" }, { "Id": 103593, "Text": "InvoiceTotal kiểu money bị chuyển thành kiểu Decimal" }, { "Id": 103594, "Text": "Giá trị .0775 kiểu Decimal bị chuyển thành kiểu money" }] }, { "Id": 24979, "Text": "Lệnh gán giá trị cho cột PaymentDate có kiểu SmallDatetime sau đây có thực hiện phép chuyển đổi ngầm không PaymentDate = \u00272008-08-05\u0027", "Marks": 1, "AnswerId": 103597, "Answers": [{ "Id": 103595, "Text": "Không thực hiện chuyển đổi ngầm" }, { "Id": 103596, "Text": "Thực hiện phép chuyển đổi ngầm, giá trị chuỗi 2008-08-05 sẽ bị chuyển thành kiểu Datetime" }, { "Id": 103597, "Text": "Thực hiện phép chuyển đổi ngầm, giá trị chuỗi 2008-08-05 sẽ bị chuyển thành kiểu SmallDatetime" }, { "Id": 103598, "Text": "Thực hiện phép chuyển đổi ngầm, PaymentDate sẽ bị chuyển thành kiểu varchar" }] }, { "Id": 24980, "Text": "Cột InvoiceDate có kiểu dữ liệu SmallDatetime. Hàm CONVERT(varchar, InvoiceDate, 1) trả lại kết quả cột InvoiceDate có định dạng nào sau đây.", "Marks": 1, "AnswerId": 103601, "Answers": [{ "Id": 103599, "Text": "dd/mm/yyyy" }, { "Id": 103600, "Text": "yy/dd/mm" }, { "Id": 103601, "Text": "mm/dd/yy" }, { "Id": 103602, "Text": "mm/dd/yyyy" }] }, { "Id": 24981, "Text": "Đoạn mã kịch bản nào sau đây thực hiện khai báo một biến và gán giá trị cho biến đó bằng 1 A. DECLARE @a int = 1 B. DECLARE @a int SET @a = 1 C. DECLARE @a int SELECT @a = 1 D. DECLARE a int SET a = 1", "Marks": 1, "AnswerId": 103603, "Answers": [{ "Id": 103603, "Text": "Chỉ A, B, C đúng" }, { "Id": 103604, "Text": "Chỉ B đúng" }, { "Id": 103605, "Text": "Cả A, B, C , D đều đúng" }, { "Id": 103606, "Text": "Chỉ D đúng" }] }, { "Id": 24982, "Text": "Câu lệnh SELECT DATEDIFF(month, \u00272008-09-30\u0027, \u00272007-12-01\u0027) sau đây trả về kết quả là:", "Marks": 1, "AnswerId": 103609, "Answers": [{ "Id": 103607, "Text": "9" }, { "Id": 103608, "Text": "304" }, { "Id": 103609, "Text": "-9" }, { "Id": 103610, "Text": "-304" }] }, { "Id": 24983, "Text": "Cột StartDate của bảng DateSample có kiểu dữ liệu datetime. Câu lệnh SELECT nào sau đây trả về tất cả các cột của bảng DateSample có StartDate là ngày 28-02-2012 A. SELECT * FROM DateSample WHERE StartDate = \u00272012-02-28\u0027 B. SELECT * FROM DateSample WHERE ", "Marks": 1, "AnswerId": 103612, "Answers": [{ "Id": 103611, "Text": "B, C đúng" }, { "Id": 103612, "Text": "B, C, D đúng" }, { "Id": 103613, "Text": "B đúng" }, { "Id": 103614, "Text": "Cả A, B, C, D đều đúng" }] }, { "Id": 24984, "Text": "Cột InvoiceDate có kiểu dữ liệu SmallDatetime. Hàm CONVERT(varchar, InvoiceDate, a) trả lại kết quả cột InvoiceDate có định dạng dd/mm/yy. Vậy a có giá trị là bao nhiêu?", "Marks": 1, "AnswerId": 103617, "Answers": [{ "Id": 103615, "Text": "101" }, { "Id": 103616, "Text": "2" }, { "Id": 103617, "Text": "3" }, { "Id": 103618, "Text": "7" }] }, { "Id": 24985, "Text": "Câu lệnh SELECT CHARINDEX(\u0027SQL\u0027, \u0027HELLO SQL Server\u0027) trả về kết quả là", "Marks": 1, "AnswerId": 103622, "Answers": [{ "Id": 103619, "Text": "6" }, { "Id": 103620, "Text": "TRUE" }, { "Id": 103621, "Text": "3" }, { "Id": 103622, "Text": "7" }] }, { "Id": 24986, "Text": "Để câu lệnh ROLLBACK TRAN quay lui giao dịch đến điểm lưu trữ xác định, thực hiện như sau", "Marks": 1, "AnswerId": 103623, "Answers": [{ "Id": 103623, "Text": "Viết câu lệnh ROLLBACK TRAN kèm theo tên điểm lưu trữ" }, { "Id": 103624, "Text": "Tạo điểm lưu trữ sử dụng câu lệnh SAVE AS" }, { "Id": 103625, "Text": "Tạo điểm lưu trữ sử dụng câu lệnh SAVE" }, { "Id": 103626, "Text": "Viết câu lệnh ROLL TRAN kèm theo tên điểm lưu trữ" }] }, { "Id": 24987, "Text": "Chọn đáp án ĐÚNG điền vào chỗ trống Khi không khai báo điểm bắt đầu cho một giao dịch, SQL Server coi ________ và tự động COMMIT câu lệnh lên Server. Nếu câu lệnh gây lỗi sẽ tự động ROLLBACK ĐÚNG hay SAI?", "Marks": 1, "AnswerId": 103627, "Answers": [{ "Id": 103627, "Text": "Từng câu lệnh riêng lẻ là một giao dịch" }, { "Id": 103628, "Text": "Toàn bộ mã kịch bản là một giao dịch" }, { "Id": 103629, "Text": "Tất cả đáp án đều sai" }, { "Id": 103630, "Text": "Một nhóm câu lệnh là một giao dịch" }] }, { "Id": 24988, "Text": "Truyền giá trị tham số cho một Stored Procedure bằng cách nào sau đây?", "Marks": 1, "AnswerId": 103633, "Answers": [{ "Id": 103631, "Text": "Cả hai đáp án đều sai" }, { "Id": 103632, "Text": "Truyền theo tên" }, { "Id": 103633, "Text": "Cả hai đáp án đều đúng" }, { "Id": 103634, "Text": "Truyền theo vị trí" }] }, { "Id": 24989, "Text": "Các trường hợp nào sau đây nên sử dụng giao dịch", "Marks": 1, "AnswerId": 103636, "Answers": [{ "Id": 103635, "Text": "Bất cứ mã kịch bản nào cũng nên sử dụng Transaction" }, { "Id": 103636, "Text": "Khi sự thất bại của tập câu lệnh SQL nào đó sẽ vi phạm tính toàn vẹn dữ liệu" }, { "Id": 103637, "Text": "Tất cả đáp án đều sai" }, { "Id": 103638, "Text": "Một mã kịch bản sử dụng nhiều câu lệnh SELECT" }] }, { "Id": 24990, "Text": "Phát biểu nào sau đây ĐÚNG về hàm @@TRANCOUNT", "Marks": 1, "AnswerId": 103641, "Answers": [{ "Id": 103639, "Text": "Khi thực thi câu lệnh COMMIT TRAN, nếu @@TRANCOUNT = 0, mọi thay đổi đã được thực hiện trên CSDL trong suốt giao dịch sẽ được commit." }, { "Id": 103640, "Text": "Khi thực thi câu lệnh COMMIT TRAN, nếu @@TRANCOUNT \u003e 1, mọi thay đổi đã được thực hiện trên CSDL trong suốt giao dịch sẽ được commit." }, { "Id": 103641, "Text": "Khi thực thi câu lệnh COMMIT TRAN, nếu @@TRANCOUNT \u003e 1, các thay đổi sẽ không được commit. Thay vào đó @@TRANCOUNT giảm đi 1." }, { "Id": 103642, "Text": "Tất cả đáp án đều sai" }] }, {
            "Id": 24991, "Text": "Nên sử dụng giao dịch trong trường hợp nào sau đây?", "Marks": 1, "AnswerId": 103644, "Answers": [{ "Id": 103643, "Text": "Khi viết mã hai hay nhiều trigger" }, { "Id": 103644, "Text": "Khi cập nhật tham chiếu khóa ngoại" }, { "Id": 103645, "Text": "Khi chuyển hàng từ cột này sang cột khác" }, { "Id": 103646, "Text": "Khi sự thất bại của tập câu lệnh SQL nào đó sẽ vi phạm function" }]
        }, { "Id": 24992, "Text": "Phát biểu nào sau đây đúng về Stored Procedure sau: CREATE PROC spParameters @a int = 0, @b int OUT, @String Nvarchar(50) = \u0027%\u0027 AS", "Marks": 1, "AnswerId": 103650, "Answers": [{ "Id": 103647, "Text": "Giá trị của tham số @a và @String luôn luôn là 0 và %" }, { "Id": 103648, "Text": "Lời gọi Stored Procedure này không cần truyền giá trị cho các tham số @a, @String, @b" }, { "Id": 103649, "Text": "Tất cả đáp án đều sai" }, { "Id": 103650, "Text": "@a và @String là tham số đầu vào tùy chọn, @b là tham số đầu ra" }] }, { "Id": 24993, "Text": "Chọn phát biểu ĐÚNG?", "Marks": 1, "AnswerId": 103651, "Answers": [{ "Id": 103651, "Text": "Để khai báo điểm bắt đầu của một giao dịch có thể sử dụng từ khóa BEGIN TRAN hoặc BEGIN TRANSACTION" }, { "Id": 103652, "Text": "Bắt buộc phải viết từ khóa TRAN khi viết câu lệnh BEGIN, COMMIT hoặc ROLLBACK." }, { "Id": 103653, "Text": "Câu lệnh ROLLBACK chỉ sử dụng để quay lui về thời điểm bắt đầu giao dịch" }, { "Id": 103654, "Text": "Tất cả phát biểu đều sai" }] }, { "Id": 24994, "Text": "Đâu là phát biểu đúng về Stored Procedure", "Marks": 1, "AnswerId": 103658, "Answers": [{ "Id": 103655, "Text": "Một Stored Procedure không có tham số đầu ra" }, { "Id": 103656, "Text": "Một Stored Procedure có thể chứ nhiều nhóm câu lệnh (Batch)" }, { "Id": 103657, "Text": "Một Stored Procedure không có tham số đầu vào" }, { "Id": 103658, "Text": "Stored Procedure là một tập các câu lệnh T-SQL thực hiện một nhiệm vụ cụ thể, được đặt tên và lưu trữ trong CSDL dưới dạng đã biên dịch." }] }, { "Id": 24995, "Text": "Mã kịch bản sau sẽ làm gì khi được thực thi IF OBJECT_ID(\u0027spCopyInvoices\u0027) IS NOT NULL DROP PROC spCopyInvoices CREATE PROC spCopyInvoices AS SELECT * INTO InvoiceCopy FROM Invoices", "Marks": 1, "AnswerId": 103660, "Answers": [{ "Id": 103659, "Text": "Tất cả đáp án đều sai" }, { "Id": 103660, "Text": "Xóa spCopyInvoices nếu Stored Procedure này đã tồn tại và tạo spCopyInvoices mới" }, { "Id": 103661, "Text": "Xóa spCopyInvoices nếu Stored Procedure này đã tồn tại nhưng không tạo spCopyInvoices mới" }, { "Id": 103662, "Text": "Lỗi cú pháp" }] }, { "Id": 24996, "Text": "Phát biều nào sau đây đúng về tên cột của một VIEW A. Trong mọi trường hợp, có thể không đặt tên các cột của VIEW trong câu lệnh CRETE VIEW. B. Cột chứa giá trị được tính toán từ nhiều cột khác phải được đặt tên. C. Nếu cột không được đặt tên, tên cột sẽ ", "Marks": 1, "AnswerId": 103663, "Answers": [{ "Id": 103663, "Text": "B, C Đúng" }, { "Id": 103664, "Text": "C, D Đúng" }, { "Id": 103665, "Text": "D, A Đúng" }, { "Id": 103666, "Text": "A, B Đúng" }] }, { "Id": 24997, "Text": "Câu lệnh nào sau đây thực hiện xóa View Vendors_SW", "Marks": 1, "AnswerId": 103668, "Answers": [{ "Id": 103667, "Text": "DROP \u0027Vendors_SW\u0027" }, { "Id": 103668, "Text": "DROP VIEW Vendors_SW" }, { "Id": 103669, "Text": "DROP VIEW \u0027Vendors_SW\u0027" }, { "Id": 103670, "Text": "DROP Vendors_SW" }] }, { "Id": 24998, "Text": "Mã kịch bản nào sau đây khai báo thành công một hàm tính tổng hai số", "Marks": 1, "AnswerId": 103671, "Answers": [{ "Id": 103671, "Text": "CREATE FUNCTION fnTonghaiso( @a int = 0, @b int = 0) RETURNS int BEGIN RETURN (@a+@b)END" }, { "Id": 103672, "Text": "CREATE FUNCTION fnTonghaiso( @a int = 0, @b int = 0) RETURN int BEGIN RETURN (@a+@b)END" }, { "Id": 103673, "Text": "CREATE FUNCTION fnTonghaiso @a int = 0, @b int = 0 RETURN int BEGIN RETURN (@a+@b)END" }, { "Id": 103674, "Text": "Tất cả đáp án đều sai" }] }, { "Id": 24999, "Text": "Để chỉnh sửa một VIEW sử dụng chế độ đồ họa View Designer của Management Studio, Click chuột phải vào tên View trong cửa sổ Objects Explorer chọn ___________", "Marks": 1, "AnswerId": 103676, "Answers": [{ "Id": 103675, "Text": "View Modifier" }, { "Id": 103676, "Text": "Design" }, { "Id": 103677, "Text": "View Designer" }, { "Id": 103678, "Text": "Modify" }] }, { "Id": 25000, "Text": "Có mấy loại hàm người dùng định nghĩa", "Marks": 1, "AnswerId": 103681, "Answers": [{ "Id": 103679, "Text": "2" }, { "Id": 103680, "Text": "1" }, { "Id": 103681, "Text": "3" }, { "Id": 103682, "Text": "4" }] }, { "Id": 25001, "Text": "Phát biểu nào ĐÚNG về đoạn mã sau: CREATE VIEW VendorsDESC AS SELECT VendorID, VendorName FROM vendors ORDER BY VendorName DESC", "Marks": 1, "AnswerId": 103683, "Answers": [{ "Id": 103683, "Text": "Xảy ra lỗi khi thực thi đoạn mã này" }, { "Id": 103684, "Text": "View được tạo ra bởi đoạn mã này là View có thể cập nhật" }, { "Id": 103685, "Text": "View được tạo ra bởi đoạn mã này là View chỉ đọc" }, { "Id": 103686, "Text": "Tất cả đáp án đều sai" }] }, { "Id": 25002, "Text": "Phát biểu nào ĐÚNG về đoạn mã dưới đây? CREATE VIEW OutstandingInvoices AS SELECT InvoiceNumber, InvoiceDate, InvoiceTotal, InvoiceTotal - PaymentTotal – CreditTotal AS BalanceDue FROM Invoices WHERE InvoiceTotal - PaymentTotal - CreditTotal \u003e 0", "Marks": 1, "AnswerId": 103689, "Answers": [{ "Id": 103687, "Text": "Tất cả đáp án đều sai" }, { "Id": 103688, "Text": "View tạo ra bởi đoạn mã này là View có thể cập nhật" }, { "Id": 103689, "Text": "View tạo ra bởi đoạn mã này là View chỉ đọc" }, { "Id": 103690, "Text": "Xảy ra lỗi cú pháp khi thực thi đoạn mã" }] }, { "Id": 25003, "Text": "Phát biểu nào sau đây đúng về VIEW?", "Marks": 1, "AnswerId": 103694, "Answers": [{ "Id": 103691, "Text": "Một View chỉ có thể truy xuất dữ liệu từ một bảng trong CSDL" }, { "Id": 103692, "Text": "Có thể tạo một View trùng tên với tên một bảng đã tồn tại" }, { "Id": 103693, "Text": "Tất cả đáp án đều sai" }, { "Id": 103694, "Text": "Sử dụng View có thể che dấu và bảo mật dữ liệu" }] }, { "Id": 25004, "Text": "Một hàm người dùng định nghĩa có thể trả về giá trị nào sau đây", "Marks": 1, "AnswerId": 103696, "Answers": [{ "Id": 103695, "Text": "Một bảng dữ liệu" }, { "Id": 103696, "Text": "Tất cả đáp án đều đúng" }, { "Id": 103697, "Text": "Giá trị kiểu int" }, { "Id": 103698, "Text": "Giá trị kiểu char" }] }, { "Id": 25005, "Text": "Để trả về giá trị cho một hàm người dùng định nghĩa, có thể sử dụng cách nào sau đây?", "Marks": 1, "AnswerId": 103699, "Answers": [{ "Id": 103699, "Text": "Sử dụng câu lệnh RETURN" }, { "Id": 103700, "Text": "Sử dụng tham số đầu ra" }, { "Id": 103701, "Text": "Tất cả đáp án đều sai" }, { "Id": 103702, "Text": "Sử dụng tham số đầu ra hoặc câu lệnh RETURN" }] }, { "Id": 25006, "Text": "Phát biểu nào sau đây ĐÚNG:", "Marks": 1, "AnswerId": 103705, "Answers": [{ "Id": 103703, "Text": "Câu lệnh tạo Login ID sử dụng tùy chọn DEFAULT_DATABASE để thiết lập CSDL mặc định cho Login ID phải được thực thi trong ngữ cảnh CSDL mặc định đó" }, { "Id": 103704, "Text": "Mỗi CSDL duy trì một danh sách Login ID của riêng CSDL đó." }, { "Id": 103705, "Text": "Để tạo database user cho một CSDL cụ thể, câu lệnh CREATE USER phải được thực thi trong ngữ cảnh CSDL đó" }, { "Id": 103706, "Text": "Mỗi Login ID chỉ tạo được một database User" }] }, { "Id": 25007, "Text": "Lựa chọn nào sau đây là vai trò CSDL mặc định", "Marks": 1, "AnswerId": 103710, "Answers": [{ "Id": 103707, "Text": "dbcreator" }, { "Id": 103708, "Text": "DbDatawriter" }, { "Id": 103709, "Text": "DbOwner" }, { "Id": 103710, "Text": "Tất cả đáp án đều sai" }] }, { "Id": 25008, "Text": "Chế độ xác thực nào sau đây phải nhập UserName và Password khi đăng nhập SQL Server", "Marks": 1, "AnswerId": 103711, "Answers": [{ "Id": 103711, "Text": "SQL Server Authentication" }, { "Id": 103712, "Text": "Windows Authenticaion" }, { "Id": 103713, "Text": "Tất cả đáp án đều sai" }, { "Id": 103714, "Text": "Mixed Mode" }] }, { "Id": 25009, "Text": "Sau khi tạo một Database User cho một CSDL thì người dùng có thể thực hiện các quyền nào sau đây?", "Marks": 1, "AnswerId": 103716, "Answers": [{ "Id": 103715, "Text": "Thêm một bảng vào CSDL" }, { "Id": 103716, "Text": "Chọn CSDL trên combo box chọn ngữ cảnh CSDL" }, { "Id": 103717, "Text": "Xóa một bảng trong CSDL" }, { "Id": 103718, "Text": "Truy vấn một bảng trong một CSDL trên Server" }] }, { "Id": 25010, "Text": "Quyền SELECT có thể tác động lên các đối tượng nào dưới đây:", "Marks": 1, "AnswerId": 103719, "Answers": [{ "Id": 103719, "Text": "Tất cả đáp án đều đúng" }, { "Id": 103720, "Text": "View" }, { "Id": 103721, "Text": "Hàm giá trị bảng" }, { "Id": 103722, "Text": "Bảng" }] }, { "Id": 25011, "Text": "Đoạn mã kịch bản nào sau đây thực thi thành công:", "Marks": 1, "AnswerId": 103723, "Answers": [{ "Id": 103723, "Text": "CREATE LOGIN JohnDoe WITH PASSWORD = \u0027pt8806FG$B\u0027, DEFAULT_DATABASE = AP USE APCREATE USER JohnDoe FOR LOGIN JohnDoe" }, { "Id": 103724, "Text": "CREATE LOGIN ID JohnDoe WITH PASSWORD = \u0027pt8806FG$B\u0027, DEFAULT_DATABASE = AP USE APCREATE USER JohnDoe" }, { "Id": 103725, "Text": "CREATE LOGIN ID JohnDoe WITH PASSWORD = \u0027pt8806FG$B\u0027, DEFAULT_DATABASE = AP USE APCREATE USER JohnDoe FOR LOGIN ID JohnDoe" }, { "Id": 103726, "Text": "CREATE LOGIN JohnDoe WITH PASSWORD = \u0027pt8806FG$B\u0027, DEFAULT_DATABASE = AP USE APCREATE DATABASE USER JohnDoe FOR LOGIN JohnDoe" }] }, { "Id": 25012, "Text": "Quyền EXECUTE có thể tác động lên các đối tượng nào sau đây:", "Marks": 1, "AnswerId": 103727, "Answers": [{ "Id": 103727, "Text": "Stored Procedure" }, { "Id": 103728, "Text": "Bảng" }, { "Id": 103729, "Text": "Tất cả các đối tượng CSDL" }, { "Id": 103730, "Text": "View" }] }, { "Id": 25013, "Text": "Vai trò dbcreator có thể thực hiện các thao tác nào sau đây?", "Marks": 1, "AnswerId": 103733, "Answers": [{ "Id": 103731, "Text": "Phục hồi một CSDL" }, { "Id": 103732, "Text": "Truy vấn các bảng trong một CSDL do người dùng tạo trên server" }, { "Id": 103733, "Text": "Tạo một bảng mới trên một CSDL, do người dùng tạo trên server" }, { "Id": 103734, "Text": "Tất cả đáp án đều đúng" }] }, { "Id": 25014, "Text": "Password của một SQL Login ID phải thỏa mãn điều kiện nào sau đây để có tính bảo mật cao?", "Marks": 1, "AnswerId": 103735, "Answers": [{ "Id": 103735, "Text": "Tất cả đáp án đều đúng" }, { "Id": 103736, "Text": "Không sử dụng các giá trị \"sysadmin\", \"sa\", \"administrator\"" }, { "Id": 103737, "Text": "Không sử dụng tên máy hoặc tên người dùng hiện thời" }, { "Id": 103738, "Text": "Phải chứa ít nhất ba trong số các kí tự sau: chữ cái viết hoa, chữ cái viết thường, kí tự số, các kí tự đặc biệt (#, %, $...)" }] }, { "Id": 25015, "Text": "Lựa chọn đáp án đúng? SQL Server dựa vào _________cấp cho người dùng/nhóm người dùng để xác định các đối tượng, câu lệnh SQL… người đùng được phép tác động trên CSDL", "Marks": 1, "AnswerId": 103742, "Answers": [{ "Id": 103739, "Text": "Quyền" }, { "Id": 103740, "Text": "Tất cả đáp án đều sai" }, { "Id": 103741, "Text": "Vai trò" }, { "Id": 103742, "Text": "Quyền và vai trò" }] }, { "Id": 25016, "Text": "Invoices là tên một bảng trong CSDL. Câu lệnh sp_Help \u0027Invoices\u0027 trả về___________", "Marks": 1, "AnswerId": 103743, "Answers": [{ "Id": 103743, "Text": "Câu lệnh tạo bảng Invoices" }, { "Id": 103744, "Text": "Tất cả các thông tin liên quan đến bảng Invoices bao gồm thông tin các cột của bảng, indexes, ràng buộc, khóa ngoại." }, { "Id": 103745, "Text": "Cả A, B, C đều sai" }, { "Id": 103746, "Text": "Tất cả các thông tin liên quan đến bảng Invoices bao gồm thông tin các cột của bảng, indexes, ràng buộc, khóa ngoại, các Stored Procedure, View, Trigger tham chiếu đến bảng." }] }, { "Id": 25017, "Text": "System Stored Procedure nào sau đây đùng để xem danh sách các Stored Procedure, View mà tham chiếu đến bảng Invoices trong CSDL?", "Marks": 1, "AnswerId": 103750, "Answers": [{ "Id": 103747, "Text": "sp_help Invoices" }, { "Id": 103748, "Text": "sp_relationship Invoices" }, { "Id": 103749, "Text": "Tất cả đáp án đều sai" }, { "Id": 103750, "Text": "sp_depends Invoices" }] }, { "Id": 25018, "Text": "Người dùng phải đăng nhạp bằng Login ID có vai trò nào sau đây, để có thể tạo lịch sao lưu tự động cho một CSDL?", "Marks": 1, "AnswerId": 103751, "Answers": [{ "Id": 103751, "Text": "sysadmin" }, { "Id": 103752, "Text": "db_owner" }, { "Id": 103753, "Text": "admin" }, { "Id": 103754, "Text": "dbcreator" }] }, { "Id": 25019, "Text": "Tùy chọn chế độ sao lưu nào sau đây có thể tạo ra nhiều bản sao CSDL, được lưu trong cùng một File .bak?", "Marks": 1, "AnswerId": 103758, "Answers": [{ "Id": 103755, "Text": "Duplicate" }, { "Id": 103756, "Text": "Overwrite all existing backup sets" }, { "Id": 103757, "Text": "Multiple copies" }, { "Id": 103758, "Text": "Append to the existing backup set" }] }, { "Id": 25020, "Text": "Để tạo lịch sao lưu CSDL tự động trong SQL Server 2008, nhấn chuột phải vào Maintenance Plans trong thư mục Management trên cửa sổ Solution Explorer, chọn ________", "Marks": 1, "AnswerId": 103759, "Answers": [{ "Id": 103759, "Text": "New Maintenance Plan" }, { "Id": 103760, "Text": "Tất cả đáp án đều sai" }, { "Id": 103761, "Text": "New backup Schedule" }, { "Id": 103762, "Text": "New backup plan" }] }, { "Id": 25021, "Text": "Phát biểu nào sau đây ĐÚNG?", "Marks": 1, "AnswerId": 103764, "Answers": [{ "Id": 103763, "Text": "Kiểu sao lưu Full backup tốn ít dung lượng bộ nhớ hơn kiểu sao lưu Differential backup" }, { "Id": 103764, "Text": "Kiểu sao lưu Differential backup chỉ sao lưu các dữ liệu mới được cập nhật (thay đổi) kể từ lần full backup trước đó" }, { "Id": 103765, "Text": "Kiểu sao lưu Differential backup sao lưu toàn bộ dữ liệu trong CSDL cùng với bản ghi transaction log ghi nhận các thao tác được thực hiện từ lần sao lưu Full backup gần nhất" }, { "Id": 103766, "Text": "Tất cả đáp án đều sai" }] }, { "Id": 25022, "Text": "Để thực hiện phục hồi CSDL từ một bản sao Full backup và sau đó tiếp tục phục hồi CSDL sử dụng bản sao Differential backup, ở mục recovery state của trang option trong hộp thoại Restore database của lần phục hồi từ bản sao Full backup phải chọn radio butt", "Marks": 1, "AnswerId": 103769, "Answers": [{ "Id": 103767, "Text": "radio button thứ ba" }, { "Id": 103768, "Text": "radio button thứ nhất" }, { "Id": 103769, "Text": "radio button thứ hai" }, { "Id": 103770, "Text": "Tất cả đáp án đều sai" }] }, { "Id": 25023, "Text": "Các cấu hình thường phải thực hiện cho một Back Up Database Task trong hộp thoại Back Up Database Task là:A. Ấn định thời gian thực hiện sao lưu CSDLB. Chọn kiểu sao lưu CSDL trong mục Database(s)C. Chọn đường dẫn lưu bản sao CSDL", "Marks": 1, "AnswerId": 103773, "Answers": [{ "Id": 103771, "Text": "A, B đúng" }, { "Id": 103772, "Text": "Tất cả đáp án đều đúng" }, { "Id": 103773, "Text": "A, C đúng" }, { "Id": 103774, "Text": "B, C đúng" }] }, { "Id": 25024, "Text": "Lựa chọn nào sau đây là một system stored procedure?", "Marks": 1, "AnswerId": 103777, "Answers": [{ "Id": 103775, "Text": "sp_who" }, { "Id": 103776, "Text": "sp_column" }, { "Id": 103777, "Text": "sp_table" }, { "Id": 103778, "Text": "sp_relationship" }] }, { "Id": 25025, "Text": "File sử dụng để phục hồi cơ sở dữ liệu có phần mở rộng làA. MdfB. bakC. LdfD. Sử dụng cả ba loại file trên", "Marks": 1, "AnswerId": 103779, "Answers": [{ "Id": 103779, "Text": "B Đúng" }, { "Id": 103780, "Text": "A Đúng" }, { "Id": 103781, "Text": "D Đúng" }, { "Id": 103782, "Text": "C Đúng" }] }]