[{"Id":24916,"Text":"Phát biểu nào dưới đây là đúng về quản lý dữ liệu?","Marks":1,"AnswerId":103344,"Answers":[{"Id":103343,"Text":"Thực hiện thao tác dữ liệu và truy vấn dữ liệu"},{"Id":103344,"Text":"Quản lý lưu trữ dữ liệu, thao tác dữ liệu và truy vấn dữ liệu"},{"Id":103345,"Text":"Quản lý lưu trữ dữ liệu, thêm, sửa, xóa dữ liệu"},{"Id":103346,"Text":"Cho phép lưu trữ dữ liệu và truy vấn dữ liệu"}]},{"Id":24917,"Text":"Hệ quản trị cơ sở dữ liệu không mang lại các lợi ích nào sau đây?","Marks":1,"AnswerId":103349,"Answers":[{"Id":103347,"Text":"Hỗ trợ các ngôn ngữ giao tiếp"},{"Id":103348,"Text":"Quản trị các cơ sở dữ liệu"},{"Id":103349,"Text":"Cung cấp các truy cập đến tổ chức dữ liệu vật lý"},{"Id":103350,"Text":"Có cơ chế an toàn, bảo mật cao"}]},{"Id":24918,"Text":"Phát biểu nào là đúng cho mô hình dữ liệu phân cấp?","Marks":1,"AnswerId":103354,"Answers":[{"Id":103351,"Text":"Liên hệ dữ liệu theo kiểu cha-con, mỗi cha có một con và mỗi con có một cha"},{"Id":103352,"Text":"Liên hệ dữ liệu có thể thừa kế giữa cha và con"},{"Id":103353,"Text":"Kiểu quan hệ là 1-N và N-N"},{"Id":103354,"Text":"Mỗi nút biểu diễn một thực thể dữ liệu và được tổ chức theo hình cây"}]},{"Id":24919,"Text":"Hệ quản trị cơ sở dữ liệu được hiểu là gì?","Marks":1,"AnswerId":103355,"Answers":[{"Id":103355,"Text":"Phần mềm giúp tạo cơ sở dữ liệu, cung cấp cơ chế lưu trữ, thao tác và truy cập cơ sở dữ liệu theo các mô hình cơ sở dữ liệu"},{"Id":103356,"Text":"Công cụ giúp lưu trữ, thao tác và truy cập cơ sở dữ liệu quan hệ"},{"Id":103357,"Text":"Phần mềm cung cấp cách thức tổ chức, thao tác dữ liệu theo các mô hình cơ sở dữ liệu"},{"Id":103358,"Text":"Công cụ giúp lưu trữ, thao tác và truy cập mô hình cơ sở dữ liệu"}]},{"Id":24920,"Text":"Dữ liệu (data) được mô tả dưới dạng nào dưới đây:","Marks":1,"AnswerId":103361,"Answers":[{"Id":103359,"Text":"Các ký tự, ký số"},{"Id":103360,"Text":"Hình ảnh, âm thanh"},{"Id":103361,"Text":"Các phương án đều đúng"},{"Id":103362,"Text":"Ký hiệu"}]},{"Id":24921,"Text":"Bảng hiệu quảng cáo là dữ liệu gì?","Marks":1,"AnswerId":103366,"Answers":[{"Id":103363,"Text":"Dữ liệu dạng âm thanh"},{"Id":103364,"Text":"Dữ liệu dạng ký hiệu"},{"Id":103365,"Text":"Dữ liệu dạng ký số"},{"Id":103366,"Text":"Dữ liệu dạng hình ảnh"}]},{"Id":24922,"Text":"Phát biểu nào sau đây là không đúng với mô hình cơ sở dữ liệu hướng đối tượng?","Marks":1,"AnswerId":103369,"Answers":[{"Id":103367,"Text":"Các đối tượng trao đổi thông qua các phương thức"},{"Id":103368,"Text":"Một đối tượng gồm các thuộc tính, các phương thức"},{"Id":103369,"Text":"Các đối tượng không thể được lưu trữ trong cơ sở dữ liệu"},{"Id":103370,"Text":"Các đối tượng có thể được sinh ra từ việc thừa kế"}]},{"Id":24923,"Text":"Hệ quản trị cơ sở dữ liệu phổ biến nhất hiện nay là gì?","Marks":1,"AnswerId":103372,"Answers":[{"Id":103371,"Text":"Hệ quản trị cơ sở dữ liệu phân cấp"},{"Id":103372,"Text":"Hệ quản trị cơ sở dữ liệu quan hệ"},{"Id":103373,"Text":"Hệ quản trị cơ sở dữ liệu mạng"},{"Id":103374,"Text":"Hệ quản trị cơ sở dữ liệu hướng đối tượng"}]},{"Id":24924,"Text":"Phát biểu nào dưới đây là đúng với hệ quản trị cơ sở dữ liệu MySQL?","Marks":1,"AnswerId":103378,"Answers":[{"Id":103375,"Text":"Một hệ quản trị dữ liệu dạng file, không thể cho nhiều người cùng truy xuất"},{"Id":103376,"Text":"Một hệ quản trị cơ sở dữ liệu cỡ nhỏ, chủ yếu dùng cho mục đích cá nhân"},{"Id":103377,"Text":"Một hệ quản trị cơ sở dữ liệu của hãng Microsoft"},{"Id":103378,"Text":"Một hệ quản trị cơ sở liệu mã nguồn mở rất được ưa chuộng"}]},{"Id":24925,"Text":"Những thông tin được nhập từ bàn phím là dữ liệu gì?","Marks":1,"AnswerId":103382,"Answers":[{"Id":103379,"Text":"Dữ liệu dạng âm thanh"},{"Id":103380,"Text":"Dữ liệu dạng hình ảnh"},{"Id":103381,"Text":"Dữ liệu dạng ký hiệu"},{"Id":103382,"Text":"Dữ liệu dạng ký tự, ký số"}]},{"Id":24926,"Text":"Quan hệ N-N là gì?","Marks":1,"AnswerId":103386,"Answers":[{"Id":103383,"Text":"Một thực thể của tập này có thể liên kết nhiều tập thực thể khác, và ngược lại"},{"Id":103384,"Text":"Nhiều thực thể của tập này có thể liên kết với nhiều tập kia, và ngược lại"},{"Id":103385,"Text":"Một thực thể của tập này có thể liên kết 0, 1 hoặc nhiều tập thực thể khác, và ngược lại"},{"Id":103386,"Text":"Một thực thể của tập này có thể liên kết 0, 1 hoặc nhiều thực thể của tập kia, và ngược lại"}]},{"Id":24927,"Text":"Thứ tự thiết kế cơ sở dữ liệu quan hệ nào dưới đây là đúng?","Marks":1,"AnswerId":103389,"Answers":[{"Id":103387,"Text":"Thiết kế mức khái niệm, thiết kế mức vật lý, thiết kế mức logic"},{"Id":103388,"Text":"Thiết kế mức vật lý, thiết kế mức logic, thiết kế mức khái niệm"},{"Id":103389,"Text":"Thiết kế mức khái niệm, thiết kế mức logic, thiết kế mức vật lý"},{"Id":103390,"Text":"Thiết kế mức vật lý, thiết kế mức khái niệm, thiết kế mức logic"}]},{"Id":24928,"Text":"Quan hệ 1-1 là gì?","Marks":1,"AnswerId":103391,"Answers":[{"Id":103391,"Text":"Một thực thể của tập này chỉ liên kết với một thực thể của tập kia, và ngược lại"},{"Id":103392,"Text":"Một thực thể của tập thực thể này liên kết với nhiều thực thể của tập thực thể kia, và ngược lại"},{"Id":103393,"Text":"Một tập thực thể này liên kết với một tập thực thể kia, và ngược lại"},{"Id":103394,"Text":"Một thực thể bất kỳ có thể liên kết với một thực thể trong tập thực thể đó, và ngược lại"}]},{"Id":24929,"Text":"Một thực thể được biểu diễn trong cơ sở dữ liệu mức vật lý thành đối tượng gì?","Marks":1,"AnswerId":103398,"Answers":[{"Id":103395,"Text":"Hàng"},{"Id":103396,"Text":"Khóa"},{"Id":103397,"Text":"Cột"},{"Id":103398,"Text":"Bảng"}]},{"Id":24930,"Text":"Mối quan hệ giữa các thực thể bao gồm:","Marks":1,"AnswerId":103400,"Answers":[{"Id":103399,"Text":"Quan hệ 0-0, 1-1, n-n"},{"Id":103400,"Text":"Quan hệ 1-1, 1-n, n-n"},{"Id":103401,"Text":"Quan hệ 0-1, 1-1, n-n"},{"Id":103402,"Text":"Quan hệ 1-n, n-n, n-1"}]},{"Id":24931,"Text":"Ràng buộc nhằm nhấn mạnh sự chính xác của dữ liệu nhập vào là ràng buộc nào dưới đây?","Marks":1,"AnswerId":103404,"Answers":[{"Id":103403,"Text":"Ràng buộc quy tắc"},{"Id":103404,"Text":"Ràng buộc toàn vẹn"},{"Id":103405,"Text":"Ràng buộc sự kiện"},{"Id":103406,"Text":"Ràng buộc chính xác"}]},{"Id":24932,"Text":"Các thủ tục, nguyên tắc cần phải tuân theo và thể hiện trong cơ sở dữ liệu như là các ràng buộc được gọi là gì?","Marks":1,"AnswerId":103409,"Answers":[{"Id":103407,"Text":"Thủ tục công ty"},{"Id":103408,"Text":"Quy trình công việc"},{"Id":103409,"Text":"Quy tắc nghiệp vụ"},{"Id":103410,"Text":"Quy định công việc"}]},{"Id":24933,"Text":"Danh từ nào sau đây có thể là thực thể?","Marks":1,"AnswerId":103412,"Answers":[{"Id":103411,"Text":"Company Name"},{"Id":103412,"Text":"Customer"},{"Id":103413,"Text":"Customer ID"},{"Id":103414,"Text":"Address"}]},{"Id":24934,"Text":"Thuộc tính để xác định duy nhất một bộ dữ liệu trong một quan hệ gọi là gì?","Marks":1,"AnswerId":103418,"Answers":[{"Id":103415,"Text":"Thuộc tính chính"},{"Id":103416,"Text":"Khóa ngoại"},{"Id":103417,"Text":"Thuộc tính xác định"},{"Id":103418,"Text":"Khóa chính"}]},{"Id":24935,"Text":"Trong Access, các bước thiết kế truy vấn dựa trên bảng điều khiển nào dưới đây là hợp lý?","Marks":1,"AnswerId":103421,"Answers":[{"Id":103419,"Text":"Mô tả tiêu chuẩn, lựa chọn sắp xếp, chọn bảng, chọn cột"},{"Id":103420,"Text":"Chọn bảng, mô tả tiêu chuẩn, lựa chọn sắp xếp, chọn trường"},{"Id":103421,"Text":"Chọn bảng, chọn cột, mô tả tiêu chuẩn, lựa chọn sắp xếp"},{"Id":103422,"Text":"Mô tả tiêu chuẩn, chọn bảng, chọn trường, lựa chọn sắp xếp"}]},{"Id":24936,"Text":"Truy vấn nào dưới đây lựa chọn tất cả các cột của bảng EMPLOYEES?","Marks":1,"AnswerId":103424,"Answers":[{"Id":103423,"Text":"SELECT ALL FROM EMPLOYEES"},{"Id":103424,"Text":"SELECT * FROM EMPLOYEES"},{"Id":103425,"Text":"SELECT * WHERE EMPLOYEES"},{"Id":103426,"Text":"SELECT ALL WHERE EMPLOYEES"}]},{"Id":24937,"Text":"Truy vấn nào dưới đây hiển thị thông tin nhân viên có lương lớn hơn 10000 và sắp xếp theo tên, họ ?","Marks":1,"AnswerId":103429,"Answers":[{"Id":103427,"Text":"SELECT * FROM EMPLOYEES WHERE SALARY \u003e 10000 ORDER WITH LAST_NAME, FIRST_NAME"},{"Id":103428,"Text":"SELECT * FROM EMPLOYEES WHERE SALARY \u003e 10000 SORT BY LAST_NAME, FIRST_NAME"},{"Id":103429,"Text":"SELECT * FROM EMPLOYEES WHERE SALARY \u003e 10000 ORDER BY FIRST_NAME, LAST_NAME"},{"Id":103430,"Text":"SELECT * FROM EMPLOYEES WHERE SALARY \u003e 10000 ORDER LAST_NAME, FIRST_NAME"}]},{"Id":24938,"Text":"Bốn nhóm lệnh SQL nào dưới đây là đúng?","Marks":1,"AnswerId":103433,"Answers":[{"Id":103431,"Text":"Nhóm lựa chọn dữ liệu, nhóm định nghĩa dữ liệu, nhóm thao tác dữ liệu, nhóm nhập dữ liệu"},{"Id":103432,"Text":"Nhóm truy vấn dữ liệu, nhóm thay đổi dữ liệu, nhóm thao tác dữ liệu, nhóm điều khiển dữ liệu"},{"Id":103433,"Text":"Nhóm truy vấn dữ liệu, nhóm định nghĩa dữ liệu, nhóm thao tác dữ liệu, nhóm điều khiển dữ liệu"},{"Id":103434,"Text":"Nhóm lựa chọn dữ liệu, nhóm định nghĩa dữ liệu, nhóm thao tác dữ liệu, nhóm điều khiển dữ liệu"}]},{"Id":24939,"Text":"Truy vấn nào dưới đây hiển thị thông tin nhân viên có tên họ bắt đầu bằng Pete ?","Marks":1,"AnswerId":103435,"Answers":[{"Id":103435,"Text":"SELECT * FROM EMPLOYEES WHERE FIRST_NAME LIKE \u0027Pete%\u0027"},{"Id":103436,"Text":"SELECT * FROM EMPLOYEES WHERE FIRST_NAME LIKE \u0027%Pete%\u0027"},{"Id":103437,"Text":"SELECT * FROM EMPLOYEES WHERE FIRST_NAME LIKE \u0027Pete\u0027"},{"Id":103438,"Text":"SELECT * FROM EMPLOYEES WHERE FIRST_NAME LIKE \u0027%Pete\u0027"}]},{"Id":24940,"Text":"Truy vấn nào dưới đây trả về thông tin nhân viên được sắp xếp thứ tự giảm dần theo tên nhân viên ?","Marks":1,"AnswerId":103440,"Answers":[{"Id":103439,"Text":"SELECT * FROM EMPLOYEES ORDER First_Name DESC"},{"Id":103440,"Text":"SELECT * FROM EMPLOYEES ORDER BY First_Name DESC"},{"Id":103441,"Text":"SELECT * FROM EMPLOYEES SORT \u0027First_Name\u0027 DESC"},{"Id":103442,"Text":"SELECT * FROM EMPLOYEES SORT BY \u0027First_Name\u0027 DESC"}]},{"Id":24941,"Text":"Truy vấn nào dưới đây hiển thị thông tin nhân viên có tên là Peter và họ là Jackson ?","Marks":1,"AnswerId":103445,"Answers":[{"Id":103443,"Text":"SELECT * FROM EMPLOYEES WHERE FIRST_NAME \u003c\u003e\u0027Peter\u0027 AND LAST_NAME\u003c\u003e\u0027Jackson\u0027"},{"Id":103444,"Text":"SELECT FIRST_NAME=\u0027Peter\u0027 AND LAST_NAME=\u0027Jackson\u0027 FROM EMPLOYEES WHERE FIRST_NAME =\u0027Peter\u0027 AND LAST_NAME=\u0027Jackson\u0027"},{"Id":103445,"Text":"SELECT * FROM EMPLOYEES WHERE FIRST_NAME =\u0027Peter\u0027 AND LAST_NAME=\u0027Jackson\u0027"},{"Id":103446,"Text":"SELECT FIRST_NAME=\u0027Peter\u0027 AND LAST_NAME=\u0027Jackson\u0027 FROM EMPLOYEES"}]},{"Id":24942,"Text":"Từ khóa nào dưới đây của SQL được sử dụng để sắp xếp tập kết quả truy vấn?","Marks":1,"AnswerId":103449,"Answers":[{"Id":103447,"Text":"SORT BY"},{"Id":103448,"Text":"SORT"},{"Id":103449,"Text":"ORDER BY"},{"Id":103450,"Text":"ORDER"}]},{"Id":24943,"Text":"Truy vấn nào dưới đây hiển thị thông tin nhân viên có tên họ dài bất kỳ, với chữ đầu là A hoặc B hoặc C ?","Marks":1,"AnswerId":103453,"Answers":[{"Id":103451,"Text":"SELECT * FROM EMPLOYEES WHERE FIRST_NAME LIKE \u0027[^ABC]%\u0027"},{"Id":103452,"Text":"SELECT * FROM EMPLOYEES WHERE FIRST_NAME LIKE \u0027[ABC]_\u0027"},{"Id":103453,"Text":"SELECT * FROM EMPLOYEES WHERE FIRST_NAME LIKE \u0027[ABC]%\u0027"},{"Id":103454,"Text":"SELECT * FROM EMPLOYEES WHERE FIRST_NAME LIKE \u0027[ABC]*\u0027"}]},{"Id":24944,"Text":"Nhóm lệnh định nghĩa dữ liệu của ngôn ngữ SQL là gì?","Marks":1,"AnswerId":103458,"Answers":[{"Id":103455,"Text":"Insert, Update, Delete"},{"Id":103456,"Text":"Grant, Revoke"},{"Id":103457,"Text":"Select"},{"Id":103458,"Text":"Create, Drop, Alter"}]},{"Id":24945,"Text":"Truy vấn nào dưới đây hiển thị thông tin nhân viên có lương từ 10000 đến 11000 ?","Marks":1,"AnswerId":103459,"Answers":[{"Id":103459,"Text":"SELECT * FROM EMPLOYEES WHERE SALARY BETWEEN 10000 AND 11000"},{"Id":103460,"Text":"SELECT * FROM EMPLOYEES WHERE SALARY = 10000 AND 11000"},{"Id":103461,"Text":"SELECT * FROM EMPLOYEES WHERE SALARY 10000 AND 11000"},{"Id":103462,"Text":"SELECT * FROM EMPLOYEES WHERE SALARY =\u003e 10000 AND \u003c= 11000"}]},{"Id":24946,"Text":"Câu lệnh SQL nào dưới đây thêm dữ liệu mới vào bảng Employees?","Marks":1,"AnswerId":103466,"Answers":[{"Id":103463,"Text":"INSERT Employees(Employee_ID, First_Name, Last_Name) INTO (213, \u0027Abraham\u0027, \u0027Lincoln\u0027)"},{"Id":103464,"Text":"INSERT (213, \u0027Abraham\u0027, \u0027Lincoln\u0027) INTO Employees(Employee_ID, First_Name, Last_Name)"},{"Id":103465,"Text":"INSERT VALUES (213, \u0027Abraham\u0027, \u0027Lincoln\u0027) INTO Employees(Employee_ID, First_Name, Last_Name)"},{"Id":103466,"Text":"INSERT INTO Employees(Employee_ID, First_Name, Last_Name) VALUES (213, \u0027Abraham\u0027, \u0027Lincoln\u0027)"}]},{"Id":24947,"Text":"Câu lệnh SQL nào dưới đây để tạo bảng KHACH_HANG ?","Marks":1,"AnswerId":103467,"Answers":[{"Id":103467,"Text":"CREATE TABLE Khach_Hang (MaKH NUMBER(6) NOT NULL, Hoten VARCHAR(30) NOT NULL, Diachi VARCHAR(50) NOT NULL, Dienthoai VARCHAR(15) NOT NULL);"},{"Id":103468,"Text":"ALTER TABLE Khach_Hang (MaKH NUMBER(6) NOT NULL, Hoten VARCHAR(30) NOT NULL, Diachi VARCHAR(50) NOT NULL, Dienthoai VARCHAR(15) NOT NULL);"},{"Id":103469,"Text":"CREATE TABLE Khach_Hang (MaKH, Hoten, Diachi, Dienthoai);"},{"Id":103470,"Text":"NEW TABLE Khach_Hang ( MaKH NUMBER(6) NOT NULL, Hoten VARCHAR(30) NOT NULL, Diachi VARCHAR(50) NOT NULL, Dienthoai VARCHAR(15) NOT NULL);"}]},{"Id":24948,"Text":"Câu lệnh SQL nào dưới đây để xóa dữ liệu của nhân viên có mã số 213 ?","Marks":1,"AnswerId":103474,"Answers":[{"Id":103471,"Text":"DELETE * FROM Employees WHERE Employee_ID = 213"},{"Id":103472,"Text":"DELETE Employees WHERE Employee_ID = 213"},{"Id":103473,"Text":"DELETE Employees.Employee_ID = 213"},{"Id":103474,"Text":"DELETE FROM Employees WHERE Employee_ID = 213"}]},{"Id":24949,"Text":"Truy vấn nào dưới đây tìm mức lương nhỏ nhất của các nhân viên theo từng bộ phận?","Marks":1,"AnswerId":103475,"Answers":[{"Id":103475,"Text":"SELECT Department_ID, MIN(Salary) FROM Employees GROUP BY Department_ID"},{"Id":103476,"Text":"SELECT Department_ID, MIN(Salary) FROM Employees GROUP Department_ID"},{"Id":103477,"Text":"SELECT Department_ID, MIN(Salary) FROM Employees WHERE MIN(Salary)"},{"Id":103478,"Text":"SELECT Department_ID, MIN(Salary) FROM Employees.Department_ID"}]},{"Id":24950,"Text":"Truy vấn nào dưới đây tìm mức lương nhỏ nhất của các nhân viên?","Marks":1,"AnswerId":103481,"Answers":[{"Id":103479,"Text":"SELECT SMALLEST(Salary) FROM Employees"},{"Id":103480,"Text":"SELECT MIN Salary FROM Employees"},{"Id":103481,"Text":"SELECT MIN(Salary) FROM Employees"},{"Id":103482,"Text":"SELECT SMALLEST Salary FROM Employees"}]},{"Id":24951,"Text":"Câu lệnh SQL nào dưới đây thu hồi quyền UPDATE cho người dùng cơ sở dữ liệu HR ?","Marks":1,"AnswerId":103486,"Answers":[{"Id":103483,"Text":"REVOKE UPDATE ON HR"},{"Id":103484,"Text":"REVOKE UPDATE TO HR"},{"Id":103485,"Text":"REVOKE UPDATE INTO HR"},{"Id":103486,"Text":"REVOKE UPDATE FROM HR"}]},{"Id":24952,"Text":"Câu lệnh SQL nào dưới đây để xóa bảng Khach_Hang khỏi cơ sở dữ liệu?","Marks":1,"AnswerId":103488,"Answers":[{"Id":103487,"Text":"TRUNCATE TABLE Khach_Hang IGNORE CONSTRAINTS;"},{"Id":103488,"Text":"DROP TABLE Khach_Hang CASCADE CONSTRAINTS;"},{"Id":103489,"Text":"DROP TABLE Khach_Hang IGNORE CONSTRAINTS;"},{"Id":103490,"Text":"ERASE TABLE Khach_Hang CASCADE CONSTRAINTS;"}]},{"Id":24953,"Text":"Trong mệnh đề SELECT, hàm tìm giá trị lớn nhất trong cột là gì?","Marks":1,"AnswerId":103493,"Answers":[{"Id":103491,"Text":"LARGE"},{"Id":103492,"Text":"BEST"},{"Id":103493,"Text":"MAX"},{"Id":103494,"Text":"BIG"}]},{"Id":24954,"Text":"Câu lệnh SQL nào dưới đây để thêm một ràng buộc trong đó cột MaKH là duy nhất?","Marks":1,"AnswerId":103495,"Answers":[{"Id":103495,"Text":"ALTER TABLE Khach_Hang ADD CONSTRAINT Khach_Hang_UNQ_MaKH UNIQUE (MaKH);"},{"Id":103496,"Text":"ALTER TABLE Khach_Hang NEW CONSTRAINT Khach_Hang_UNQ_MaKH UNIQUE (MaKH);"},{"Id":103497,"Text":"ALTER TABLE Khach_Hang INSERT CONSTRAINT Khach_Hang_UNQ_MaKH UNIQUE (MaKH);"},{"Id":103498,"Text":"ALTER TABLE Khach_Hang UNIQUE (MaKH);"}]},{"Id":24955,"Text":"Câu lệnh nào dưới đây được sử dụng để thay đổi cấu trúc của một bảng trong cơ sở dữ liệu?","Marks":1,"AnswerId":103502,"Answers":[{"Id":103499,"Text":"REPAIR TABLE …"},{"Id":103500,"Text":"CHANGE TABLE …"},{"Id":103501,"Text":"REDO TABLE …"},{"Id":103502,"Text":"ALTER TABLE …"}]}]