
    [{ "Id": 26120, "Text": "Package nào chứa các class kiểu dữ liệu", "Marks": 1, "AnswerId": 108224, "Answers": [{ "Id": 108224, "Text": "java.lang" }, { "Id": 108225, "Text": "java.io" }, { "Id": 108226, "Text": "java.ouput" }, { "Id": 108227, "Text": "java.swing" }, { "Id": 108228, "Text": "java.util" }, { "Id": 108229, "Text": "java.input" }] }, { "Id": 26121, "Text": "Trong file MyCode.java chứa đoạn code sau: public class MyClass{}public interface MyInterface{}Mô tả nào đúng với đoạn code này trong file MyCode?", "Marks": 1, "AnswerId": 108230, "Answers": [{ "Id": 108230, "Text": "Đoạn code trên không có phương thức main()" }, { "Id": 108231, "Text": "MyClass phải kế thừa từ MyInterface" }, { "Id": 108232, "Text": "Không thể có một public class hoặc interface có cùng tên trong file code Java này." }, { "Id": 108233, "Text": "MyClass phải thực thi MyInterface" }, { "Id": 108234, "Text": "Phải có một public class hoặc interface có tên là MyCode" }, { "Id": 108235, "Text": "Phải có nhiều public class hoặc interface có tên là MyCode" }] }, { "Id": 26122, "Text": "Trong Java, 5/2 có kết quả là:", "Marks": 1, "AnswerId": 108240, "Answers": [{ "Id": 108236, "Text": "0" }, { "Id": 108237, "Text": "Có lỗi" }, { "Id": 108238, "Text": "3" }, { "Id": 108239, "Text": "2.5" }, { "Id": 108240, "Text": "2" }] }, { "Id": 26123, "Text": "Trong một package, đối với một thành phần (member) khi không khai báo từ khóa private, public, protected thì quyền truy cập đối với thành phần đó là", "Marks": 1, "AnswerId": 108244, "Answers": [{ "Id": 108241, "Text": "Có thể truy cập bởi các class bên ngoài package." }, { "Id": 108242, "Text": "Chỉ có thể truy cập trong cùng một class." }, { "Id": 108243, "Text": "Có thể truy cập bởi các class kế thừa từ class này." }, { "Id": 108244, "Text": "Có thể truy cập bởi các class trong cùng một package." }, { "Id": 108245, "Text": "Có thể truy cập bởi các class là super của class này." }] }, { "Id": 26124, "Text": "Chọn câu trả lời đúng:interface chứa các method là", "Marks": 1, "AnswerId": 108248, "Answers": [{ "Id": 108246, "Text": "Các method là final" }, { "Id": 108247, "Text": "Các method protected" }, { "Id": 108248, "Text": "Tất cả các method abstract" }, { "Id": 108249, "Text": "Các method là public" }, { "Id": 108250, "Text": "Các method là private" }, { "Id": 108251, "Text": "Một số method là abstract" }] }, { "Id": 26125, "Text": "Đoạn code này có lỗi không?import java.util.*;package myPackage;class MyClass extends MyInterface {} interface MyInterface {}", "Marks": 1, "AnswerId": 108256, "Answers": [{ "Id": 108252, "Text": "Interface MyInterface có thể kế thừa" }, { "Id": 108253, "Text": "Không có lỗi" }, { "Id": 108254, "Text": "Dòng import.java.util.* sai cú pháp" }, { "Id": 108255, "Text": "class MyClass phải được khai báo là public" }, { "Id": 108256, "Text": "Interface MyInterface không thể kế thừa" }] }, { "Id": 26126, "Text": "Package nào được dùng để trình bày giao diện đồ họa?", "Marks": 1, "AnswerId": 108262, "Answers": [{ "Id": 108257, "Text": "java.ouput" }, { "Id": 108258, "Text": "java.io" }, { "Id": 108259, "Text": "java.util" }, { "Id": 108260, "Text": "java.lang" }, { "Id": 108261, "Text": "java.input" }, { "Id": 108262, "Text": "java.swing" }] }, { "Id": 26127, "Text": "Trong Java, chỉ số của mảng bắt đầu là", "Marks": 1, "AnswerId": 108265, "Answers": [{ "Id": 108263, "Text": "2" }, { "Id": 108264, "Text": "tùy ý" }, { "Id": 108265, "Text": "0" }, { "Id": 108266, "Text": "-1" }, { "Id": 108267, "Text": "1" }] }, { "Id": 26128, "Text": "Chọn câu trả lời đúng:Class abstract là", "Marks": 1, "AnswerId": 108270, "Answers": [{ "Id": 108268, "Text": "Class chứa các phương thức được khai báo là public" }, { "Id": 108269, "Text": "Class chứa các phương thức được khai báo là private" }, { "Id": 108270, "Text": "Class chứa ít nhất một phương thức được khai báo là abstract" }, { "Id": 108271, "Text": "Class chứa các phương thức được khai báo là abtract" }, { "Id": 108272, "Text": "Class chứa các phương thức được khai báo là final" }, { "Id": 108273, "Text": "Class chứa các phương thức được khai báo là protected" }] }, { "Id": 26129, "Text": "Trong Java, phép tính % có nghĩa là", "Marks": 1, "AnswerId": 108278, "Answers": [{ "Id": 108274, "Text": "Phép chia" }, { "Id": 108275, "Text": "Phép chia lấy phần thập phân" }, { "Id": 108276, "Text": "Phép chia lấy phần nguyên" }, { "Id": 108277, "Text": "Phép tính lấy *" }, { "Id": 108278, "Text": "Phép chia lấy phần dư" }] }, { "Id": 26130, "Text": "Class parent của Error là", "Marks": 1, "AnswerId": 108283, "Answers": [{ "Id": 108279, "Text": "collections" }, { "Id": 108280, "Text": "exception" }, { "Id": 108281, "Text": "Object" }, { "Id": 108282, "Text": "IOException" }, { "Id": 108283, "Text": "throwable" }, { "Id": 108284, "Text": "RuntimeException" }] }, { "Id": 26131, "Text": "Đoạn mã sau đây sẽ cho kết quả nào?public class ExceptionExample{ public static void throw_it (){ System.out.print(\"throw_it \"); throw new RuntimeException(); } public static void main(String [] args){ try{ System.out.print(\"hello \"); throwit(); }catch (E", "Marks": 1, "AnswerId": 108288, "Answers": [{ "Id": 108285, "Text": "Có lỗi khi dịch" }, { "Id": 108286, "Text": "hello throw_it RuntimeException caught after" }, { "Id": 108287, "Text": "hello throw_it caught" }, { "Id": 108288, "Text": "hello throw_it caught finally after" }] }, { "Id": 26132, "Text": "\u0027throws\u0027 trong xử lý ngoại lệ là", "Marks": 1, "AnswerId": 108289, "Answers": [{ "Id": 108289, "Text": "Phải xử lý các ngoại lệ đó" }, { "Id": 108290, "Text": "Không có phương án nào đúng" }, { "Id": 108291, "Text": "Nó sẽ được xử lý bởi Java Virtual Machine" }, { "Id": 108292, "Text": "Không cần xử lý" }] }, { "Id": 26133, "Text": "Trong Java, các ngoại lệ được chia thành:", "Marks": 1, "AnswerId": 108296, "Answers": [{ "Id": 108293, "Text": "2 nhóm là \u0027error\u0027 và \u0027exception\u0027" }, { "Id": 108294, "Text": "2 nhóm là \u0027complier\u0027 and \u0027run\u0027" }, { "Id": 108295, "Text": "3 nhóm là \u0027checked\u0027, \u0027unchecked\u0027 and \u0027checking\u0027" }, { "Id": 108296, "Text": "2 nhóm là \u0027check\u0027 và \u0027unchecked\u0027" }] }, { "Id": 26134, "Text": "Tất cả các \u0027sub\u0027 class của class RuntimeException vàError là các ngoại lệ:", "Marks": 1, "AnswerId": 108298, "Answers": [{ "Id": 108297, "Text": "Ngoại lệ RuntimeException" }, { "Id": 108298, "Text": "Ngoại lệ \u0027unchecked\u0027" }, { "Id": 108299, "Text": "Ngoại lệ \u0027ClassNotFoundException\u0027" }, { "Id": 108300, "Text": "Ngoại lệ \u0027checked\u0027" }, { "Id": 108301, "Text": "Ngoại lệ \u0027FileNotFoundException\u0027" }, { "Id": 108302, "Text": "Ngoại lệ InputMismatchException" }] }, { "Id": 26135, "Text": "Các ngoại lệ \u0027check\u0027 là những ngoại lệ", "Marks": 1, "AnswerId": 108306, "Answers": [{ "Id": 108303, "Text": "Được \u0027checked\u0027 bởi Java Virtual Machine" }, { "Id": 108304, "Text": "Cả 2 mục trên" }, { "Id": 108305, "Text": "Được check bởi người lập trình" }, { "Id": 108306, "Text": "Được \u0027checked\u0027 bởi Java Compiler" }, { "Id": 108307, "Text": "Không có phương án nào đúng" }, { "Id": 108308, "Text": "Được check bởi người sử dụng" }] }, { "Id": 26136, "Text": "Class \u0027Throwable\u0027 là class để thực hiện các công việc", "Marks": 1, "AnswerId": 108309, "Answers": [{ "Id": 108309, "Text": "Xử lý lỗi và ngoại lệ" }, { "Id": 108310, "Text": "Xử lý lỗi" }, { "Id": 108311, "Text": "Xử lý các thao tác với file" }, { "Id": 108312, "Text": "Xử lý ngoại lệ" }] }, { "Id": 26137, "Text": "public class X { public static void main(String [] args) { try { badMethod(); System.out.print(\"A\"); } catch (Exception ex) { System.out.print(\"B\"); } finally { System.out.print(\"C\"); } System.out.print(\"D\"); } public static void badMethod() { throw new E", "Marks": 1, "AnswerId": 108316, "Answers": [{ "Id": 108313, "Text": "finished" }, { "Id": 108314, "Text": "Finished" }, { "Id": 108315, "Text": "Arithmetic Exception" }, { "Id": 108316, "Text": "Có lỗi khi dịch." }, { "Id": 108317, "Text": "Exception" }, { "Id": 108318, "Text": "ABCD" }] }, { "Id": 26138, "Text": "Ngoại lệ \u0027InputMismatchException\u0027 xảy ra khi nào?", "Marks": 1, "AnswerId": 108319, "Answers": [{ "Id": 108319, "Text": "Nhập sai kiểu dữ liệu" }, { "Id": 108320, "Text": "Nhập dữ liệu là số" }, { "Id": 108321, "Text": "Không chuyển được kiểu dữ liệu này thành kiểu dữ liệu khác" }, { "Id": 108322, "Text": "Nhập dữ liệu cho xâu ký tự là 1 số nguyên" }, { "Id": 108323, "Text": "Nhập dữ liệu cho xâu ký tự là 1 số thực" }, { "Id": 108324, "Text": "Nhập dữ liệu là xâu ký tự" }] }, { "Id": 26139, "Text": "Đoạn code sau đây sẽ cho kết quả nào?public class MyProgram{ public static void main(String args[]){ try{ System.out.print(\"Hello world \"); }finally{ System.out.println(\"Finally executing \"); } }}", "Marks": 1, "AnswerId": 108328, "Answers": [{ "Id": 108325, "Text": "Chương trình có lỗi vì không có ngoại lệ nào được dùng." }, { "Id": 108326, "Text": "Chương trình có lỗi vì không có đủ try-catch-finally" }, { "Id": 108327, "Text": "Chương trình có lỗi vì không có mệnh đề \u0027catch\u0027." }, { "Id": 108328, "Text": "Hello world Finally executing" }, { "Id": 108329, "Text": "Hello world." }, { "Id": 108330, "Text": "Finally executing" }] }, { "Id": 26140, "Text": "Tên của class abstract được sử dụng cho việc xuất dữ liệu luồng byte là:", "Marks": 1, "AnswerId": 108334, "Answers": [{ "Id": 108331, "Text": "Writer" }, { "Id": 108332, "Text": "Reader" }, { "Id": 108333, "Text": "FileReader" }, { "Id": 108334, "Text": "OuputStream" }, { "Id": 108335, "Text": "FileWriter" }, { "Id": 108336, "Text": "InputStream" }] }, { "Id": 26141, "Text": "Đoạn code sau đây sẽ cho kết quả nào? ? public static void main(String ags[]){ String a=\"abc\"; String b=new String(\"abc\"); System.out.println(a.equals(b)); System.out.println(a==b); }", "Marks": 1, "AnswerId": 108337, "Answers": [{ "Id": 108337, "Text": "true false" }, { "Id": 108338, "Text": "false true" }, { "Id": 108339, "Text": "false false" }, { "Id": 108340, "Text": "true true" }] }, { "Id": 26142, "Text": "Một luồng được sử dụng theo một mục đích thông thường, không dùng dữ liệu character được gọi là", "Marks": 1, "AnswerId": 108341, "Answers": [{ "Id": 108341, "Text": "Luồng Byte (Byte Stream)" }, { "Id": 108342, "Text": "InputStream" }, { "Id": 108343, "Text": "Luồng Character (Character Stream)" }, { "Id": 108344, "Text": "Writer" }, { "Id": 108345, "Text": "Read" }, { "Id": 108346, "Text": "Reader" }] }, { "Id": 26143, "Text": "Luồng Character được dùng để làm việc với loại dữ liệu nào", "Marks": 1, "AnswerId": 108350, "Answers": [{ "Id": 108347, "Text": "Dữ liệu kiểu boolean" }, { "Id": 108348, "Text": "Dữ liệu kiểu Object" }, { "Id": 108349, "Text": "Dữ liệu kiểu float" }, { "Id": 108350, "Text": "Dữ liệu kiểu character" }, { "Id": 108351, "Text": "Dữ liệu kiểu boolean" }, { "Id": 108352, "Text": "Dữ liệu kiểu nguyên thủy" }] }, { "Id": 26144, "Text": "Tên của class abstract được sử dụng cho việc đọc dữ liệu luồng character là:", "Marks": 1, "AnswerId": 108353, "Answers": [{ "Id": 108353, "Text": "Reader" }, { "Id": 108354, "Text": "InputStream" }, { "Id": 108355, "Text": "FileWrite" }, { "Id": 108356, "Text": "FileRead" }, { "Id": 108357, "Text": "Writer" }, { "Id": 108358, "Text": "OuputStream" }] }, { "Id": 26145, "Text": "Tên của class abstract được sử dụng cho việc nhập dữ liệu luồng byte là:", "Marks": 1, "AnswerId": 108363, "Answers": [{ "Id": 108359, "Text": "Reader" }, { "Id": 108360, "Text": "DataInputStream" }, { "Id": 108361, "Text": "OuputStream" }, { "Id": 108362, "Text": "Writer" }, { "Id": 108363, "Text": "InputStream" }, { "Id": 108364, "Text": "DataOutputStream" }] }, { "Id": 26146, "Text": "Tên của class abstract được sử dụng cho việc ghi dữ liệu luồng character là:", "Marks": 1, "AnswerId": 108367, "Answers": [{ "Id": 108365, "Text": "FileReader" }, { "Id": 108366, "Text": "FileWriter" }, { "Id": 108367, "Text": "Writer" }, { "Id": 108368, "Text": "Reader" }, { "Id": 108369, "Text": "OuputStream" }, { "Id": 108370, "Text": "InputStream" }] }, { "Id": 26147, "Text": "Đoạn code sau đây in ra kết quả thế nào?public static void changeNumber(int number) { number = number + 1; } public static void main(String ags[]) { int a = 10; System.out.println(\"a=\" + a); changeNumber(a); System.out.println(\"a=\" + a); }", "Marks": 1, "AnswerId": 108373, "Answers": [{ "Id": 108371, "Text": "11 10" }, { "Id": 108372, "Text": "10 11" }, { "Id": 108373, "Text": "10 10" }, { "Id": 108374, "Text": "11 11" }] }, { "Id": 26148, "Text": "Buffer là gì?", "Marks": 1, "AnswerId": 108379, "Answers": [{ "Id": 108375, "Text": "Là một kiểu dữ liệu" }, { "Id": 108376, "Text": "Là cable nối giữa dữ liệu nguồn tới bus." }, { "Id": 108377, "Text": "Là một luồng bất kỳ" }, { "Id": 108378, "Text": "Là một file chứa dữ liệu nhị phân" }, { "Id": 108379, "Text": "Là một phần bộ nhớ được sử dụng trong quá trình đọc hoặc ghi dữ liệu" }] }, { "Id": 26149, "Text": "Đoạn code sau đây sẽ cho kết quả nào?public static void main(String ags[]){ String a=\"abc\"; String b=\"abc\"; System.out.println(a.equals(b)); System.out.println(a==b); }", "Marks": 1, "AnswerId": 108382, "Answers": [{ "Id": 108380, "Text": "true false" }, { "Id": 108381, "Text": "false false" }, { "Id": 108382, "Text": "true true" }, { "Id": 108383, "Text": "false true" }] }, { "Id": 26150, "Text": "Phương thức nào được dùng để bắt đầu một thread?", "Marks": 1, "AnswerId": 108384, "Answers": [{ "Id": 108384, "Text": "start()" }, { "Id": 108385, "Text": "begin()" }, { "Id": 108386, "Text": "ignore()" }, { "Id": 108387, "Text": "run()" }, { "Id": 108388, "Text": "resume()" }, { "Id": 108389, "Text": "init()" }] }, { "Id": 26151, "Text": "3 phương thức của class Object là những phương thức nào?1.notify()2.notifyAll()3.isInterrupt()4.synchronized()5.interrupt()6.wait(long millisecond)7.sleep(long millisecond)8.yield()", "Marks": 1, "AnswerId": 108394, "Answers": [{ "Id": 108390, "Text": "1, 2 và 4" }, { "Id": 108391, "Text": "2, 4 và 6" }, { "Id": 108392, "Text": "2, 4 và 5" }, { "Id": 108393, "Text": "2, 3, 4" }, { "Id": 108394, "Text": "1, 2 và 6" }, { "Id": 108395, "Text": "1, 3 và 4" }] }, { "Id": 26152, "Text": "Hiện tượng dead lock xảy ra khi", "Marks": 1, "AnswerId": 108396, "Answers": [{ "Id": 108396, "Text": "Các thread ở trạng thái \u0027chờ đợi\u0027 lẫn nhau dẫn đến tình trạng \u0027chờ đợi\u0027 mãi mãi" }, { "Id": 108397, "Text": "Các thread thực hiện công việc theo thứ tự ưu tiên" }, { "Id": 108398, "Text": "Có quá nhiều thread hoạt động nên dẫn đến trình trạng treo máy" }, { "Id": 108399, "Text": "Không có thread nào hoạt động" }, { "Id": 108400, "Text": "Các thread được \u0027đánh thức\u0027 bởi phương thức notifyAll()" }] }, { "Id": 26153, "Text": "Thứ tự ưu tiên của một thread ở mức độ thông thường là", "Marks": 1, "AnswerId": 108401, "Answers": [{ "Id": 108401, "Text": "NORM_PRIORITY" }, { "Id": 108402, "Text": "AVER_PRIORITY" }, { "Id": 108403, "Text": "MIN_PRIORITY" }, { "Id": 108404, "Text": "MAX_PRIORITY" }] }, { "Id": 26154, "Text": "Phương thức nào được dùng để đăng ký một thread vào \u0027thread scheduler\u0027 ?", "Marks": 1, "AnswerId": 108407, "Answers": [{ "Id": 108405, "Text": "wait()" }, { "Id": 108406, "Text": "run()" }, { "Id": 108407, "Text": "start()" }, { "Id": 108408, "Text": "notify()" }, { "Id": 108409, "Text": "sleep(500)" }, { "Id": 108410, "Text": "register()" }] }, { "Id": 26155, "Text": "Phương thức nào được dùng để đưa một thread vào trạng thái \u0027ready\u0027 ?", "Marks": 1, "AnswerId": 108416, "Answers": [{ "Id": 108411, "Text": "Phương thức wait()" }, { "Id": 108412, "Text": "Phương thức SetPriority()" }, { "Id": 108413, "Text": "Phương thức notify()" }, { "Id": 108414, "Text": "Phương thức read()" }, { "Id": 108415, "Text": "Phương thức join()" }, { "Id": 108416, "Text": "Khi khởi tạo một đối tượng thread mới và chưa gọi phương thức start()" }] }, { "Id": 26156, "Text": "Các phương thức wait(), notify() và notifyAll() được định nghĩa trong class hoặc interface nào?", "Marks": 1, "AnswerId": 108417, "Answers": [{ "Id": 108417, "Text": "Running" }, { "Id": 108418, "Text": "Runnable" }, { "Id": 108419, "Text": "MyThread" }, { "Id": 108420, "Text": "Thread" }, { "Id": 108421, "Text": "Class" }, { "Id": 108422, "Text": "Object" }] }, { "Id": 26157, "Text": "Phương thức join() được dùng để", "Marks": 1, "AnswerId": 108424, "Answers": [{ "Id": 108423, "Text": "Lấy ra độ ưu tiên của thread" }, { "Id": 108424, "Text": "Chờ đến khi một thread ngừng hoạt động" }, { "Id": 108425, "Text": "Chạy một thread" }, { "Id": 108426, "Text": "Không có phương án nào đúng" }, { "Id": 108427, "Text": "Kết nối 2 thread đang hoạt động" }, { "Id": 108428, "Text": "Kết nối 2 hay nhiều thread đang ở trạng thái \u0027waiting\u0027" }] }, {
        "Id": 26158, "Text": "Phương thức nào được dùng để đưa một thread vào trạng thái \u0027sleeping\u0027 ?", "Marks": 1, "AnswerId": 108431, "Answers": [{ "Id": 108429, "Text": "Phương thức notify()" }, { "Id": 108430, "Text": "Phương thức setName()" }, { "Id": 108431, "Text": "Phương thức sleep()" }, { "Id": 108432, "Text": "Phương thức SetPriority()" }, { "Id": 108433, "Text": "Phương thức join()" }, { "Id": 108434, "Text": "Phương thức read()" }]
    }, { "Id": 26159, "Text": "Những method nào trong số các method sau đây làm cho một thread không còn ở trạng thái \u0027running\u00271. yield()2. wait()3. notify()4. notifyAll()5.sleep(100)6.aliveThread.join()7.Thread.killThread()", "Marks": 1, "AnswerId": 108439, "Answers": [{ "Id": 108435, "Text": "1, 6 và 7" }, { "Id": 108436, "Text": "2, 3 và 5" }, { "Id": 108437, "Text": "3, 4 và 7" }, { "Id": 108438, "Text": "3, 4 và 6" }, { "Id": 108439, "Text": "2, 5 và 6" }, { "Id": 108440, "Text": "1, 2 và 3" }] }, { "Id": 26160, "Text": "Trong java, enumeration là tập hợp của", "Marks": 1, "AnswerId": 108441, "Answers": [{ "Id": 108441, "Text": "Các hằng số" }, { "Id": 108442, "Text": "Các giá trị double" }, { "Id": 108443, "Text": "Các giá trị float" }, { "Id": 108444, "Text": "Các giá trị int" }, { "Id": 108445, "Text": "Các biến" }, { "Id": 108446, "Text": "Cả biến và hằng số" }] }, { "Id": 26161, "Text": "Đoạn code sau đây cho kết quả nào?Integer i1 = 1; int i2 = 1; System.out.println(i1 == i2);", "Marks": 1, "AnswerId": 108451, "Answers": [{ "Id": 108447, "Text": "Có lỗi khi dịch" }, { "Id": 108448, "Text": "Không có phương án nào đúng" }, { "Id": 108449, "Text": "1" }, { "Id": 108450, "Text": "Có lỗi cú pháp" }, { "Id": 108451, "Text": "TRUE" }, { "Id": 108452, "Text": "FALSE" }] }, { "Id": 26162, "Text": "Đoạn code sau đây có hợp lệ?protected enum Test{ RED, GREEN, BLUE}", "Marks": 1, "AnswerId": 108453, "Answers": [{ "Id": 108453, "Text": "Có lỗi khi dịch" }, { "Id": 108454, "Text": "Có ngoại lệ khi chạy" }, { "Id": 108455, "Text": "Có ngoại lệ ClassNotFound" }, { "Id": 108456, "Text": "Có ngoại lệ EnumNotFound" }, { "Id": 108457, "Text": "Không có lỗi" }, { "Id": 108458, "Text": "Có ngoại lệ FileNotFound" }] }, { "Id": 26163, "Text": "Chọn câu trả lời đúng nhất:Class được khai báo là abstract là class có", "Marks": 1, "AnswerId": 108459, "Answers": [{ "Id": 108459, "Text": "Chỉ chứa các method abstract" }, { "Id": 108460, "Text": "Có ít nhất một thuộc tính là abstract" }, { "Id": 108461, "Text": "Không có phương án nào đúng" }, { "Id": 108462, "Text": "Chứa nhiều method abstract" }, { "Id": 108463, "Text": "Có ít nhất một method là abstract" }] }, { "Id": 26164, "Text": "Chọn câu trả lời đúng:final method có ý nghĩa gì?", "Marks": 1, "AnswerId": 108465, "Answers": [{ "Id": 108464, "Text": "Là phương thức phải ghi đè" }, { "Id": 108465, "Text": "Là phương thức không thể ghi đè" }, { "Id": 108466, "Text": "Là phương thức có phạm vi truy cập là public" }, { "Id": 108467, "Text": "Là phương thức trong đó phải trả về một đối tượng." }, { "Id": 108468, "Text": "Là phương thức có phạm vi truy cập là private" }, { "Id": 108469, "Text": "Là phương thức có phạm vi truy cập là protected" }] }, { "Id": 26165, "Text": "Đoạn code sau đây cho kết quả nào?Integer one = new Integer(1);Integer two = new Integer(1);if(one == two){ System.out.println(\"Equal\");}else{ System.out.println(\"Not equal\");}", "Marks": 1, "AnswerId": 108471, "Answers": [{ "Id": 108470, "Text": "TRUE" }, { "Id": 108471, "Text": "Not equal" }, { "Id": 108472, "Text": "Equal" }, { "Id": 108473, "Text": "FALSE" }, { "Id": 108474, "Text": "Không có phương án nào đúng" }] }, { "Id": 26166, "Text": "Đoạn code sau đây có hợp lệ?1. public class Test{2. protected enum Test{3. RED, GREEN, BLUE }}", "Marks": 1, "AnswerId": 108475, "Answers": [{ "Id": 108475, "Text": "Không có lỗi" }, { "Id": 108476, "Text": "Có ngoại lệ khi chạy" }, { "Id": 108477, "Text": "Có lỗi cú pháp" }, { "Id": 108478, "Text": "Có lỗi khi dịch" }, { "Id": 108479, "Text": "Có lỗi logic" }, { "Id": 108480, "Text": "Có lỗi ở dòng 2" }] }, { "Id": 26167, "Text": "Đoạn code sau đây cho kết quả nào?Integer i1 = 1; Integer i2 = 1; System.out.println(i1 == i2);", "Marks": 1, "AnswerId": 108484, "Answers": [{ "Id": 108481, "Text": "1" }, { "Id": 108482, "Text": "Không có phương án nào đúng" }, { "Id": 108483, "Text": "Có lỗi khi dịch" }, { "Id": 108484, "Text": "TRUE" }, { "Id": 108485, "Text": "Có lỗi cú pháp" }, { "Id": 108486, "Text": "FALSE" }] }, { "Id": 26168, "Text": "Chúng ta có thể khai báo một thuộc tính là private bên trong khối enum?", "Marks": 1, "AnswerId": 108489, "Answers": [{ "Id": 108487, "Text": "Không có phương án nào đúng" }, { "Id": 108488, "Text": "Tùy thuộc vào yêu cầu" }, { "Id": 108489, "Text": "Không" }, { "Id": 108490, "Text": "Có thể" }, { "Id": 108491, "Text": "Có" }, { "Id": 108492, "Text": "Chỉ có thể khai báo public" }] }, { "Id": 26169, "Text": "Chọn câu trả lời đúngCác hằng số trong enum phải được viết:", "Marks": 1, "AnswerId": 108493, "Answers": [{ "Id": 108493, "Text": "Tất cả là chữ hoa" }, { "Id": 108494, "Text": "Tất cả là chữ thường" }, { "Id": 108495, "Text": "Chỉ những ký tự đầu tiên viết hoa" }, { "Id": 108496, "Text": "Viết chữ thường kèm theo số" }, { "Id": 108497, "Text": "Viết chữ thường kèm theo các ký tự * và ?" }, { "Id": 108498, "Text": "Chữ hoa xen kẽ chữ thường" }] }, { "Id": 26170, "Text": "Đoạn code sau đây có lỗi ở dòng nào? 1.interface Containment{ 2. boolean contains(T obj); 3. } 4. public class MyClass implements Containment{ 5. T[] arrayRef; 6. MyClass(T[] arr){ 7. arrayRef = arr; 8. }", "Marks": 1, "AnswerId": 108499, "Answers": [{ "Id": 108499, "Text": "Có lỗi ở dòng 4" }, { "Id": 108500, "Text": "Có lỗi ở dòng 6" }, { "Id": 108501, "Text": "Có lỗi ở dòng 1" }, { "Id": 108502, "Text": "Có lỗi ở dòng 5" }, { "Id": 108503, "Text": "Có lỗi ở dòng 2" }, { "Id": 108504, "Text": "Không có lỗi" }] }, { "Id": 26171, "Text": "Đoạn code sau đây có kết quả nào?ArrayList mylist = new ArrayList(); mylist.add(10); mylist.add(“Hello”); mylist.add(15.75); int a = mylist.get(0); System.out.println(\"a=\"+a);", "Marks": 1, "AnswerId": 108510, "Answers": [{ "Id": 108505, "Text": "a = 0" }, { "Id": 108506, "Text": "Có lỗi khi chạy" }, { "Id": 108507, "Text": "a = Hello" }, { "Id": 108508, "Text": "a = 10" }, { "Id": 108509, "Text": "a=" }, { "Id": 108510, "Text": "Có lỗi khi dịch" }] }, { "Id": 26172, "Text": "Đoạn code sau đây có lỗi ở dòng nào? 1. class Gen{ 2. public T obj; 3. static T getObj(){ 4. return obj; 5. } 6. }", "Marks": 1, "AnswerId": 108511, "Answers": [{ "Id": 108511, "Text": "Không có lỗi" }, { "Id": 108512, "Text": "Có lỗi ở dòng 2" }, { "Id": 108513, "Text": "Có lỗi ở dòng 3, 4" }, { "Id": 108514, "Text": "Có lỗi ở dòng 1, 2" }, { "Id": 108515, "Text": "Có lỗi ở dòng 3" }, { "Id": 108516, "Text": "Có lỗi ở dòng 2, 3" }] }, { "Id": 26173, "Text": "Đoạn code sau đây có kết quả nào?ArrayList mylist = new ArrayList(); mylist.add(10); mylist.add(“Hello”); mylist.add(15.75); int a = (int)mylist.get(0); System.out.println(\"a=\"+a);", "Marks": 1, "AnswerId": 108517, "Answers": [{ "Id": 108517, "Text": "Có lỗi khi dịch" }, { "Id": 108518, "Text": "a = Hello" }, { "Id": 108519, "Text": "a = 10" }, { "Id": 108520, "Text": "a=" }, { "Id": 108521, "Text": "a = 0" }, { "Id": 108522, "Text": "Có lỗi khi chạy" }] }, { "Id": 26174, "Text": "Lập trình generic nghĩa là gì?", "Marks": 1, "AnswerId": 108525, "Answers": [{ "Id": 108523, "Text": "Viết các chương trình chỉ được sử dụng với kiểu dữ liệu Integer" }, { "Id": 108524, "Text": "Viết chương trình để sử dụng với nhiều kiểu dữ liệu khác nhau kể cả kiểu nguyên thuỷ." }, { "Id": 108525, "Text": "Viết chương trình để sử dụng với nhiều kiểu dữ liệu đối tượng khác nhau." }, { "Id": 108526, "Text": "Viết các chương trình được sử dụng với 2 kiểu dữ liệu String và Integer." }, { "Id": 108527, "Text": "Viết các chương trình chỉ được sử dụng với kiểu dữ liệu String" }] }, { "Id": 26175, "Text": "Chọn câu trả lời đúngCó thể thêm các phần tử có kiểu gì vào trong ArrayList?", "Marks": 1, "AnswerId": 108528, "Answers": [{ "Id": 108528, "Text": "Kiểu bất kỳ, nếu là kiểu nguyên thủy thì sẽ tự autoboxing" }, { "Id": 108529, "Text": "Chỉ có kiểu được kế thừa từ class Number" }, { "Id": 108530, "Text": "Kiểu bất kỳ được kế thừa từ class Object" }, { "Id": 108531, "Text": "Chỉ có kiểu là String và Char" }, { "Id": 108532, "Text": "Chỉ có kiểu Object" }] }, { "Id": 26176, "Text": "Tại sao Java không hỗ trợ lập trình generic với kiểu dữ liệu nguyên thủy?", "Marks": 1, "AnswerId": 108533, "Answers": [{ "Id": 108533, "Text": "Vì generic chỉ làm việc với kiểu Number nên chỉ các kiểu dữ liệu được thực thi từ Number như Integer, Float, Double, Char mới được chấp nhận." }, { "Id": 108534, "Text": "Vì generic chỉ làm việc với kiểu Number nên chỉ các kiểu dữ liệu được kế thừa từ Number như Integer, Float, Double, Char mới được chấp nhận." }, { "Id": 108535, "Text": "Vì generic chỉ làm việc với kiểu đối tượng (Object) nên chỉ các kiểu dữ liệu được kế thừa từ class Object mới được chấp nhận." }, { "Id": 108536, "Text": "Vì generic chỉ làm việc với kiểu Number nên chỉ các kiểu dữ liệu được đóng gói từ Number như Integer, Float, Double, Char mới được chấp nhận." }, { "Id": 108537, "Text": "Vì generic chỉ làm việc với kiểu đối tượng (Object) nên chỉ các kiểu dữ liệu được thực thi từ class Object mới được chấp nhận." }] }, { "Id": 26177, "Text": "Đoạn code sau đây sẽ in ra màn hình kết quả nào? public class example2 { T number; public example2(T n ){ number=n; } public String toString(){ return \"obj=\"+number.toString(); } public static void main(String[] args) { example2 objs[] = new example2[3]; ", "Marks": 1, "AnswerId": 108541, "Answers": [{ "Id": 108538, "Text": "Có lỗi khi chạy" }, { "Id": 108539, "Text": "obj=10 obj=15" }, { "Id": 108540, "Text": "obj=15 obj=10" }, { "Id": 108541, "Text": "Có lỗi khi dịch" }, { "Id": 108542, "Text": "10 15" }, { "Id": 108543, "Text": "number = 15 10" }] }, { "Id": 26178, "Text": "ArrayList là kiểu dữ liệu được lấy từ package nào?", "Marks": 1, "AnswerId": 108546, "Answers": [{ "Id": 108544, "Text": "java.io" }, { "Id": 108545, "Text": "java.list" }, { "Id": 108546, "Text": "java.util" }, { "Id": 108547, "Text": "java.output" }, { "Id": 108548, "Text": "java.input" }, { "Id": 108549, "Text": "java.lang" }] }, { "Id": 26179, "Text": "Đoạn code sau đây có kết quả nào?ArrayList mylist = new ArrayList(); mylist.add(10); mylist.add(“Hello”); mylist.add(15.75); int a = (Integer)mylist.get(0); System.out.println(\"a=\"+a);", "Marks": 1, "AnswerId": 108554, "Answers": [{ "Id": 108550, "Text": "Có lỗi khi chạy" }, { "Id": 108551, "Text": "Có lỗi khi dịch" }, { "Id": 108552, "Text": "a = 0" }, { "Id": 108553, "Text": "a=" }, { "Id": 108554, "Text": "a = 10" }, { "Id": 108555, "Text": "a = Hello" }] }, { "Id": 26180, "Text": "Lệnh nào đặt màu nền là màu trắng cho một applet?", "Marks": 1, "AnswerId": 108558, "Answers": [{ "Id": 108556, "Text": "setForecolor(white)" }, { "Id": 108557, "Text": "setBackGround(Color.white)" }, { "Id": 108558, "Text": "setBackground(Color.white)" }, { "Id": 108559, "Text": "setForecolor(Color.white)" }, { "Id": 108560, "Text": "setColor(Color.white)" }, { "Id": 108561, "Text": "setColor(white)" }] }, { "Id": 26181, "Text": "Method nào được chạy một lần duy nhất trong quá trình thực thi một applet ?", "Marks": 1, "AnswerId": 108563, "Answers": [{ "Id": 108562, "Text": "paint()" }, { "Id": 108563, "Text": "destroy()" }, { "Id": 108564, "Text": "end()" }, { "Id": 108565, "Text": "begin()" }, { "Id": 108566, "Text": "finish()" }, { "Id": 108567, "Text": "start()" }] }, { "Id": 26182, "Text": "Method nào được chạy một lần duy nhất trong quá trình thực thi một applet ?", "Marks": 1, "AnswerId": 108569, "Answers": [{ "Id": 108568, "Text": "paint()" }, { "Id": 108569, "Text": "init()" }, { "Id": 108570, "Text": "begin()" }, { "Id": 108571, "Text": "finish()" }, { "Id": 108572, "Text": "start()" }, { "Id": 108573, "Text": "end()" }] }, { "Id": 26183, "Text": "Tại sao một applet không cần phương thức main()?", "Marks": 1, "AnswerId": 108574, "Answers": [{ "Id": 108574, "Text": "Bởi vì applet được chạy trên trình duyệt web nên không cần phương thức main." }, { "Id": 108575, "Text": "Các chương trình có giao diện đồ họa không cần phương thức main.Programs that do graphcis don\u0027t need a main." }, { "Id": 108576, "Text": "Bởi về phương thức paint() hoạt động giống như phương thức main." }, { "Id": 108577, "Text": "Chỉ những chương trình đơn giản thì mới cần phuwownt thức main.Only simple programs need a main." }, { "Id": 108578, "Text": "Bởi vì phương thức init() hoạt động giống như phương thức main." }] }, { "Id": 26184, "Text": "Cho biết tên của sự kiện được tạo ra bởi kích chuột vào một nút lệnh (click Button):A. KeyEventB. MouseEventC. ItemEventD. ActionEventE. ListenEventF. AdjustmentEvent", "Marks": 1, "AnswerId": 108579, "Answers": [{ "Id": 108579, "Text": "D" }, { "Id": 108580, "Text": "A" }, { "Id": 108581, "Text": "E" }, { "Id": 108582, "Text": "C" }, { "Id": 108583, "Text": "B" }, { "Id": 108584, "Text": "F" }] }, { "Id": 26185, "Text": "Câu lệnh nào in chữ \"Hello\" tại vị trí x=20,y= 50 (x:width, y:height)?", "Marks": 1, "AnswerId": 108590, "Answers": [{ "Id": 108585, "Text": "drawText(\"Hello\",20,50)" }, { "Id": 108586, "Text": "drawStrings(\"Hello\",20,50)" }, { "Id": 108587, "Text": "drawChars(\"Hello\",20,50)" }, { "Id": 108588, "Text": "drawString(20,50,\"Hello\")" }, { "Id": 108589, "Text": "drawString(50,20,\"Hello\")" }, { "Id": 108590, "Text": "drawString(\"Hello\",20,50)" }] }, { "Id": 26186, "Text": "Class nào phải được kế thừa khi viết code cho một applet?", "Marks": 1, "AnswerId": 108593, "Answers": [{ "Id": 108591, "Text": "AWT" }, { "Id": 108592, "Text": "Swing" }, { "Id": 108593, "Text": "Applet" }, { "Id": 108594, "Text": "Graphics" }, { "Id": 108595, "Text": "JDK" }] }, { "Id": 26187, "Text": "Câu lệnh nào vẽ một hình tròn có bán kính là 50 tại vị trí x=10, y=20?", "Marks": 1, "AnswerId": 108596, "Answers": [{ "Id": 108596, "Text": "drawCircle(10,20)" }, { "Id": 108597, "Text": "drawOval(10,20,50,50)" }, { "Id": 108598, "Text": "drawOval(20,10,50)" }, { "Id": 108599, "Text": "drawCircle(50)" }, { "Id": 108600, "Text": "drawOval(10,20,50)" }, { "Id": 108601, "Text": "drawCircle(50,50)" }] }, { "Id": 26188, "Text": "Cho biết tên của sự kiện được tạo ra khi khi rê chuột trên thanh cuộn?A. KeyEventB. MouseEventC. ItemEventD. ActionEventE. AdjustmentEventF. ListenEvent", "Marks": 1, "AnswerId": 108607, "Answers": [{ "Id": 108602, "Text": "F" }, { "Id": 108603, "Text": "C" }, { "Id": 108604, "Text": "D" }, { "Id": 108605, "Text": "A" }, { "Id": 108606, "Text": "B" }, { "Id": 108607, "Text": "E" }] }, { "Id": 26189, "Text": "Kích thước (0,0) là chiều rộng và chiều cao của vùng vẽ tương ứng với", "Marks": 1, "AnswerId": 108608, "Answers": [{ "Id": 108608, "Text": "Góc dưới khoảng giữa vùng vẽ" }, { "Id": 108609, "Text": "Góc dưới bên trái vùng vẽ" }, { "Id": 108610, "Text": "Góc trên bên phải vùng vẽ" }, { "Id": 108611, "Text": "Góc trên bên trái vùng vẽ" }, { "Id": 108612, "Text": "Góc dưới bên phải vùng vẽ" }, { "Id": 108613, "Text": "Góc trên khoảng giữa vùng vẽ" }] }, { "Id": 26190, "Text": "JComponent là subclass trực tiếp của class nào?", "Marks": 1, "AnswerId": 108617, "Answers": [{ "Id": 108614, "Text": "JFrame" }, { "Id": 108615, "Text": "AWT" }, { "Id": 108616, "Text": "Component" }, { "Id": 108617, "Text": "Container" }, { "Id": 108618, "Text": "Object" }, { "Id": 108619, "Text": "ButtonGroup" }] }, { "Id": 26191, "Text": "Mặc định quản lý layout cho JPanel là?", "Marks": 1, "AnswerId": 108622, "Answers": [{ "Id": 108620, "Text": "BorderLayout" }, { "Id": 108621, "Text": "Không có mặc định" }, { "Id": 108622, "Text": "FlowLayout" }, { "Id": 108623, "Text": "GridLayout" }, { "Id": 108624, "Text": "BoxLayout" }, { "Id": 108625, "Text": "GridBagLayout" }] }, { "Id": 26192, "Text": "Kiểu trình bày nào cho phép đặt các thành phần vào container theo các hướng east, west, south, north, center ?", "Marks": 1, "AnswerId": 108627, "Answers": [{ "Id": 108626, "Text": "CardLayout" }, { "Id": 108627, "Text": "BorderLayout" }, { "Id": 108628, "Text": "FlowLayout" }, { "Id": 108629, "Text": "GridBagLayout" }, { "Id": 108630, "Text": "BoxLayout" }, { "Id": 108631, "Text": "GridLayout" }] }, { "Id": 26193, "Text": "Top-level-container là những thành phần nào?", "Marks": 1, "AnswerId": 108632, "Answers": [{ "Id": 108632, "Text": "JFrame, JDialog, JWindow, JApplet" }, { "Id": 108633, "Text": "JFrames, JDialog, JWindow, JApplet" }, { "Id": 108634, "Text": "JFrame, JDialog, JWindow, JPanel" }, { "Id": 108635, "Text": "JFrame, JPanel, JWindow, JApplet" }, { "Id": 108636, "Text": "JFrame, JPanel, JRectangle, JApplet" }, { "Id": 108637, "Text": "JFrame, JPanel, JWindows, JApplet" }] }, { "Id": 26194, "Text": "Câu lệnh nào sau đây tạo một frame với kích thước rộng là 300 và cao là 200 pixels?", "Marks": 1, "AnswerId": 108641, "Answers": [{ "Id": 108638, "Text": "frm.setSize( 200, 300 );" }, { "Id": 108639, "Text": "frm.setEnable( 300, 200 );" }, { "Id": 108640, "Text": "frm.setVisible( 300, 200 );" }, { "Id": 108641, "Text": "frm.setSize( 300, 200 );" }, { "Id": 108642, "Text": "frm.repaint( 300, 200 );" }, { "Id": 108643, "Text": "frm.paint( 300, 200 );" }] }, { "Id": 26195, "Text": "Kiểu trình bày nào cho phép đặt các thành phần vào container theo chiều ngang hoặc chiều dọc?", "Marks": 1, "AnswerId": 108648, "Answers": [{ "Id": 108644, "Text": "GridBagLayout" }, { "Id": 108645, "Text": "CardLayout" }, { "Id": 108646, "Text": "BorderLayout" }, { "Id": 108647, "Text": "FlowLayout" }, { "Id": 108648, "Text": "BoxLayout" }, { "Id": 108649, "Text": "GridLayout" }] }, { "Id": 26196, "Text": "Để thiết lập kiể trình bày dạng ô lưới với 4 hàng và mỗi hàng 5 cột, sử dụng lệnh nào trong số các lệnh sau đây:", "Marks": 1, "AnswerId": 108651, "Answers": [{ "Id": 108650, "Text": "setLayout(new GridLayouts(5,4))" }, { "Id": 108651, "Text": "setLayout(new GridLayout(4,5))" }, { "Id": 108652, "Text": "setLayout(new GridBagLayout(4,5))" }, { "Id": 108653, "Text": "setLayout(new GridLayout(5,4))" }, { "Id": 108654, "Text": "setLayout(new GridBagLayout(5,4))" }] }, { "Id": 26197, "Text": "Mặc định quản lý layout cho JFrame là?", "Marks": 1, "AnswerId": 108655, "Answers": [{ "Id": 108655, "Text": "GridBagLayout" }, { "Id": 108656, "Text": "GridLayout" }, { "Id": 108657, "Text": "BoxLayout" }, { "Id": 108658, "Text": "BorderLayout" }, { "Id": 108659, "Text": "Không có mặc định" }, { "Id": 108660, "Text": "FlowLayout" }] }, { "Id": 26198, "Text": "Sự kiện nào được tạo ra khi người click vào một JButton ?", "Marks": 1, "AnswerId": 108663, "Answers": [{ "Id": 108661, "Text": "ButtonSelectionListener" }, { "Id": 108662, "Text": "ActionListener" }, { "Id": 108663, "Text": "ActionEvent" }, { "Id": 108664, "Text": "ActionEventListener" }, { "Id": 108665, "Text": "ValueChangeEvent" }] }, { "Id": 26199, "Text": "Đối tượng container trong GUI là gì?", "Marks": 1, "AnswerId": 108671, "Answers": [{ "Id": 108666, "Text": "Là class bất kỳ có subclass" }, { "Id": 108667, "Text": "Là một tên khác trong một mảng số" }, { "Id": 108668, "Text": "Là một hình có không gian rộng để chứa các hình khác" }, { "Id": 108669, "Text": "Là một hình chữ nhật" }, { "Id": 108670, "Text": "Là một kiểu dữ liệu nguyên thủy được dùng trong Swing" }, { "Id": 108671, "Text": "Là một thành phần có thể chứa các thành phần khác bên trong" }] }]