
[{"Id":24836,"Text":"Thuộc tính nào để thay đổi màu nền của Form?","Marks":1,"AnswerId":103031,"Answers":[{"Id":103028,"Text":"Color"},{"Id":103029,"Text":"BgColor"},{"Id":103030,"Text":"BackgroundColor"},{"Id":103031,"Text":"BackColor"}]},{"Id":24837,"Text":"Để kích thước của form mở rộng đầy màn hình khi chạy chương trình thì cần thiết lập giá trị nào cho thuộc tính WindowState?","Marks":1,"AnswerId":103032,"Answers":[{"Id":103032,"Text":"Maximized"},{"Id":103033,"Text":"Normal"},{"Id":103034,"Text":"Minimized"},{"Id":103035,"Text":"MinMax"}]},{"Id":24838,"Text":"Để hiện cửa sổ Toolbox người dùng chọn thao tác nào?","Marks":1,"AnswerId":103039,"Answers":[{"Id":103036,"Text":"Tools \u003e Toolbox"},{"Id":103037,"Text":"Build \u003e Toolbox"},{"Id":103038,"Text":"Project \u003e Toolbox"},{"Id":103039,"Text":"View \u003e Toolbox"}]},{"Id":24839,"Text":"Ngôn ngữ lập trình nào dưới đây là ngôn ngữ lập trình bậc thấp?","Marks":1,"AnswerId":103041,"Answers":[{"Id":103040,"Text":"Pascal"},{"Id":103041,"Text":"Assembly"},{"Id":103042,"Text":"Visual Basic"},{"Id":103043,"Text":"C#"}]},{"Id":24840,"Text":"Ngôn ngữ lập trình nào tập trung vào đối tượng, mỗi đối tượng đều có thuộc tính và phương thức của chính nó?","Marks":1,"AnswerId":103047,"Answers":[{"Id":103044,"Text":"Ngôn ngữ máy"},{"Id":103045,"Text":"Ngôn ngữ lập trình cấu trúc"},{"Id":103046,"Text":"Ngôn ngữ Assembly"},{"Id":103047,"Text":"Ngôn ngữ lập trình hướng đối tượng"}]},{"Id":24841,"Text":"Thành phần nào trong máy tính chịu trách nhiệm thực hiện tính toán và đưa ra quyết định.","Marks":1,"AnswerId":103048,"Answers":[{"Id":103048,"Text":"Khối số học và lôgic"},{"Id":103049,"Text":"Khối xuất"},{"Id":103050,"Text":"Khối nhớ"},{"Id":103051,"Text":"Khối xử lý trung tâm"}]},{"Id":24842,"Text":"Để thiết kế giao diện của ứng dụng, người dùng chọn đối tượng nào?","Marks":1,"AnswerId":103054,"Answers":[{"Id":103052,"Text":"Interface"},{"Id":103053,"Text":"Module"},{"Id":103054,"Text":"Windows Form"},{"Id":103055,"Text":"Class"}]},{"Id":24843,"Text":"Để máy tính hiểu các ngôn ngữ lập trình bậc cao thì cần phải có chương trình nào?","Marks":1,"AnswerId":103056,"Answers":[{"Id":103056,"Text":"Chương trình dịch"},{"Id":103057,"Text":"Chương trình tự động hóa"},{"Id":103058,"Text":"Chương trình máy"},{"Id":103059,"Text":"Chương trình robot"}]},{"Id":24844,"Text":"Thuộc tính nào của đối tượng trên form không được đặt trùng nhau?","Marks":1,"AnswerId":103060,"Answers":[{"Id":103060,"Text":"Name"},{"Id":103061,"Text":"Size"},{"Id":103062,"Text":"Text"},{"Id":103063,"Text":"Auto size"}]},{"Id":24845,"Text":"Cửa sổ nào trên IDE hiển thị danh sách các file trong một project và danh sách project","Marks":1,"AnswerId":103065,"Answers":[{"Id":103064,"Text":"Toolbox"},{"Id":103065,"Text":"Solution Explorer"},{"Id":103066,"Text":"Properties"},{"Id":103067,"Text":"Object browser"}]},{"Id":24846,"Text":"Lời gọi hàm Val(“hello\") sẽ trả về kết quả nào?","Marks":1,"AnswerId":103068,"Answers":[{"Id":103068,"Text":"0"},{"Id":103069,"Text":"10"},{"Id":103070,"Text":"5"},{"Id":103071,"Text":"Báo lỗi"}]},{"Id":24847,"Text":"Để nội dung của Label được căn chỉnh ở giữa và đều trên dòng thì giá trị của TextAlign được thiết lập là:","Marks":1,"AnswerId":103074,"Answers":[{"Id":103072,"Text":"BottomCenter"},{"Id":103073,"Text":"TopCenter"},{"Id":103074,"Text":"MiddleCenter"},{"Id":103075,"Text":"TopLeft"}]},{"Id":24848,"Text":"Lời gọi hàm Val(“194A Hàm Nghi\") sẽ trả về kết quả nào?","Marks":1,"AnswerId":103078,"Answers":[{"Id":103076,"Text":"Báo lỗi"},{"Id":103077,"Text":"0"},{"Id":103078,"Text":"194"},{"Id":103079,"Text":"3"}]},{"Id":24849,"Text":"Toán tử truy cập thành viên trong Visual Basic là?","Marks":1,"AnswerId":103082,"Answers":[{"Id":103080,"Text":"Dấu phẩy (,)"},{"Id":103081,"Text":"Dấu hai chấm (:)"},{"Id":103082,"Text":"Dấu chấm (.)"},{"Id":103083,"Text":"Dấu chấm phẩy (;)"}]},{"Id":24850,"Text":"Lời gọi hàm Val(“50a50\") sẽ trả về kết quả nào?","Marks":1,"AnswerId":103084,"Answers":[{"Id":103084,"Text":"50"},{"Id":103085,"Text":"100"},{"Id":103086,"Text":"55"},{"Id":103087,"Text":"5050"}]},{"Id":24851,"Text":"Khi muốn hiển thị thông tin, tiêu đề trên Form hay hiển thị kết quả đầu ra, người dùng sử dụng đối tượng nào?","Marks":1,"AnswerId":103091,"Answers":[{"Id":103088,"Text":"TextBox"},{"Id":103089,"Text":"ComboBox"},{"Id":103090,"Text":"ListBox"},{"Id":103091,"Text":"Label"}]},{"Id":24852,"Text":"Thành phần nằm 2 bên của toán tử gán được gọi là gi?","Marks":1,"AnswerId":103095,"Answers":[{"Id":103092,"Text":"Toán tử"},{"Id":103093,"Text":"Tham số"},{"Id":103094,"Text":"Đối số"},{"Id":103095,"Text":"Toán hạng"}]},{"Id":24853,"Text":"Để đổi một chuỗi kí tự về một giá trị số người dùng sử dụng Hàm nào?","Marks":1,"AnswerId":103099,"Answers":[{"Id":103096,"Text":"Text()"},{"Id":103097,"Text":".ToString()"},{"Id":103098,"Text":"Convert()"},{"Id":103099,"Text":"Val()"}]},{"Id":24854,"Text":"Muốn đọc ghi file thì người sử dụng phải khai báo thêm thành phần namespace nào trong chương trình?","Marks":1,"AnswerId":103101,"Answers":[{"Id":103100,"Text":"Imports Microsoft.VisualBasic"},{"Id":103101,"Text":"Imports System.IO"},{"Id":103102,"Text":"Imports System.IntPtr"},{"Id":103103,"Text":"Imports System.OI"}]},{"Id":24855,"Text":"Khi lưu Form, phần mở rộng tên file của Form là?","Marks":1,"AnswerId":103104,"Answers":[{"Id":103104,"Text":".vb"},{"Id":103105,"Text":".txt"},{"Id":103106,"Text":".docx"},{"Id":103107,"Text":".cs"}]},{"Id":24856,"Text":"Kiểu dữ liệu trong khai báo biến được viết sau từ khóa nào?","Marks":1,"AnswerId":103110,"Answers":[{"Id":103108,"Text":"Is"},{"Id":103109,"Text":"Dim"},{"Id":103110,"Text":"As"},{"Id":103111,"Text":"="}]},{"Id":24857,"Text":"Để khai báo biến trong Visual Basic người dùng sử dụng từ khóa nào?","Marks":1,"AnswerId":103112,"Answers":[{"Id":103112,"Text":"Dim"},{"Id":103113,"Text":"By Val"},{"Id":103114,"Text":"Var"},{"Id":103115,"Text":"Declare"}]},{"Id":24858,"Text":"Khi Visual Basic tự động (không cần viết mã) chuyển đổi giá trị Double thành giá trị Integer thì được gọi là?","Marks":1,"AnswerId":103118,"Answers":[{"Id":103116,"Text":"Ép kiểu tường minh"},{"Id":103117,"Text":"Thay đổi kiểu dữ liệu"},{"Id":103118,"Text":"Ép kiểu ngầm định"},{"Id":103119,"Text":"Phép biến đổi"}]},{"Id":24859,"Text":"Nếu biến number được khởi tạo giá trị là 8, giá trị của biến này là bao nhiêu sau khi biểu thức number ^= 2 được thực thi?","Marks":1,"AnswerId":103121,"Answers":[{"Id":103120,"Text":"Lỗi xẩy ra"},{"Id":103121,"Text":"64"},{"Id":103122,"Text":"10"},{"Id":103123,"Text":"16"}]},{"Id":24860,"Text":"Sau khi thực hiện xong lệnh, kết quả biến a bằng bao nhiêu? Dim a As Integer = 50 If a \u003e 100 Then a += 10 Else a -= 10 End If","Marks":1,"AnswerId":103125,"Answers":[{"Id":103124,"Text":"60"},{"Id":103125,"Text":"40"},{"Id":103126,"Text":"100"},{"Id":103127,"Text":"50"}]},{"Id":24861,"Text":"Ngôn ngữ nào không chính quy giúp bạn trình bày tư tưởng thuật giải?","Marks":1,"AnswerId":103131,"Answers":[{"Id":103128,"Text":"Ngôn ngữ lập trình bậc thấp"},{"Id":103129,"Text":"Ngôn ngữ máy"},{"Id":103130,"Text":"Ngôn ngữ lập trình cấu trúc"},{"Id":103131,"Text":"Ngôn ngữ giả"}]},{"Id":24862,"Text":"Trong Visual Basis, muốn so sánh a khác b người dùng sử dụng toán tử nào?","Marks":1,"AnswerId":103134,"Answers":[{"Id":103132,"Text":"≠"},{"Id":103133,"Text":"\u003e\u003c"},{"Id":103134,"Text":"\u003c\u003e"},{"Id":103135,"Text":"!="}]},{"Id":24863,"Text":"Việc thực thi các lệnh theo thứ tự được viết trong chương trình được gọi là?","Marks":1,"AnswerId":103138,"Answers":[{"Id":103136,"Text":"Thực thi đệ quy"},{"Id":103137,"Text":"Thực thi lặp"},{"Id":103138,"Text":"Thực thi tuần tự"},{"Id":103139,"Text":"Thực đi rẽ nhánh"}]},{"Id":24864,"Text":"Kết quả biến a bằng bao nhiêu sau khi thực hiện đoạn mã sau: Dim a As Integer = 50 If a \u003e 100 Then a += 10 End If","Marks":1,"AnswerId":103142,"Answers":[{"Id":103140,"Text":"Báo lỗi"},{"Id":103141,"Text":"60"},{"Id":103142,"Text":"50"},{"Id":103143,"Text":"100"}]},{"Id":24865,"Text":"Trong biểu đồ hoạt động, ký hiệu nào biểu diễn trạng thái khởi đầu của hoạt động?","Marks":1,"AnswerId":103145,"Answers":[{"Id":103144,"Text":"Hình chữ nhật bo góc"},{"Id":103145,"Text":"Hình tròn đặc"},{"Id":103146,"Text":"Hình tròn rỗng"},{"Id":103147,"Text":"Hình thoi"}]},{"Id":24866,"Text":"Để có thể chọn một lựa chọn duy nhất trong một nhóm nhiều lựa chọn thì người dùng nên sử dụng điều khiển nào?","Marks":1,"AnswerId":103150,"Answers":[{"Id":103148,"Text":"TextBox"},{"Id":103149,"Text":"ListBox"},{"Id":103150,"Text":"RadioButton"},{"Id":103151,"Text":"CheckBox"}]},{"Id":24867,"Text":"Hãy cho biết kết quả hiển thị khi thực hiện đoạn mã sau: txtDiem.Text = \"0a60\"Select Case Val(txtDiem.Text)          Case 0             lblKetQua.Text = \"Điểm liệt!\"          Case Is \u003e= 50             lblKetQua.Text = \"Qua môn!\"          Case Else        ","Marks":1,"AnswerId":103155,"Answers":[{"Id":103152,"Text":"Học bổng!"},{"Id":103153,"Text":"Báo lỗi"},{"Id":103154,"Text":"Trượt!"},{"Id":103155,"Text":"Qua môn!"}]},{"Id":24868,"Text":"Muốn trả về số phần tử trong ListBox1 người dùng sử dụng lệnh nào?","Marks":1,"AnswerId":103156,"Answers":[{"Id":103156,"Text":"ListBox1.Items.Count"},{"Id":103157,"Text":"ListBox1.Item.Count"},{"Id":103158,"Text":"ListBox1.Rows.Count"},{"Id":103159,"Text":"ListBox1.Count"}]},{"Id":24869,"Text":"Một điều khiển CheckBox khi chọn thuộc tính Checked để thiết lập lựa chọn thì người dùng sử dụng giá trị nào?","Marks":1,"AnswerId":103160,"Answers":[{"Id":103160,"Text":"TRUE"},{"Id":103161,"Text":"Checked"},{"Id":103162,"Text":"FALSE"},{"Id":103163,"Text":"Selected"}]},{"Id":24870,"Text":"Cách viết nào dưới đây là sai khi cần liệt kê các giá trị trong một mệnh đề Case?","Marks":1,"AnswerId":103166,"Answers":[{"Id":103164,"Text":"Case \"A\", \"B\", \"C\""},{"Id":103165,"Text":"Case \"A\""},{"Id":103166,"Text":"Case \"A\" \"B\""},{"Id":103167,"Text":"Case \"A\", \"B\""}]},{"Id":24871,"Text":"Từ khóa nào không đúng khi sử dụng lệnh Select Case?","Marks":1,"AnswerId":103171,"Answers":[{"Id":103168,"Text":"to"},{"Id":103169,"Text":"is"},{"Id":103170,"Text":"case"},{"Id":103171,"Text":"between"}]},{"Id":24872,"Text":"Toán tử logic nào giúp kết hợp kết hợp các điều kiện đơn thành điều kiện phức tạp hơn?","Marks":1,"AnswerId":103173,"Answers":[{"Id":103172,"Text":"\u003e="},{"Id":103173,"Text":"XOR"},{"Id":103174,"Text":"="},{"Id":103175,"Text":"\u003c="}]},{"Id":24873,"Text":"Muốn thêm một phần tử vào cuối danh sách các phần tử trong ListBox, người dùng sử dụng phương thức nào?","Marks":1,"AnswerId":103177,"Answers":[{"Id":103176,"Text":"Items.Append"},{"Id":103177,"Text":"Items.Add"},{"Id":103178,"Text":"Items.Insert"},{"Id":103179,"Text":"Items.Item"}]},{"Id":24874,"Text":"Từ khóa nào cho biết điểm kết thúc lệnh Select Case?","Marks":1,"AnswerId":103182,"Answers":[{"Id":103180,"Text":"Case End"},{"Id":103181,"Text":"End Select Case"},{"Id":103182,"Text":"End Select"},{"Id":103183,"Text":"End Case"}]},{"Id":24875,"Text":"Lệnh Select Case có thể chứa bao nhiêu lựa chọn?","Marks":1,"AnswerId":103184,"Answers":[{"Id":103184,"Text":"1 hoặc nhiều lựa chọn"},{"Id":103185,"Text":"1 lựa chọn"},{"Id":103186,"Text":"2 lựa chọn"},{"Id":103187,"Text":"7 lựa chọn"}]},{"Id":24876,"Text":"Giá trị của biến number sau khi thực hiện xong vòng lặp là bao nhiêu? Dim number As Integer = 2 Do While number \u003c 4   number *= 2 Loop","Marks":1,"AnswerId":103188,"Answers":[{"Id":103188,"Text":"4"},{"Id":103189,"Text":"10"},{"Id":103190,"Text":"8"},{"Id":103191,"Text":"2"}]},{"Id":24877,"Text":"Lệnh For... Next cho phép khai báo biến đếm For i As Integer = 0 To 10. Còn lệnh Do While... có cho phép khai báo Do While i as Integer\u003c10 không?","Marks":1,"AnswerId":103193,"Answers":[{"Id":103192,"Text":"Có cho phép"},{"Id":103193,"Text":"Không cho phép"}]},{"Id":24878,"Text":"Giá trị của biến number sau khi thực hiện xong vòng lặp là bao nhiêu? Dim number As Integer = 2 Dim i As Integer = 0 Do   number += 4 Loop Until i \u003e 2","Marks":1,"AnswerId":103196,"Answers":[{"Id":103194,"Text":"6"},{"Id":103195,"Text":"2"},{"Id":103196,"Text":"Lỗi, Lặp vô hạn"},{"Id":103197,"Text":"4"}]},{"Id":24879,"Text":"Trong lệnh For…Next, từ khóa nào không bắt buộc phải có?","Marks":1,"AnswerId":103200,"Answers":[{"Id":103198,"Text":"For"},{"Id":103199,"Text":"Next"},{"Id":103200,"Text":"Step"},{"Id":103201,"Text":"To"}]},{"Id":24880,"Text":"Giá trị của biến number sau khi thực hiện xong vòng lặp là bao nhiêu? Dim number As Integer = 2 Do While number \u003c 4   number *= 2 Loop","Marks":1,"AnswerId":103204,"Answers":[{"Id":103202,"Text":"8"},{"Id":103203,"Text":"10"},{"Id":103204,"Text":"4"},{"Id":103205,"Text":"2"}]},{"Id":24881,"Text":"Lệnh For…Next nếu không có mệnh đề Step thì bước tăng mặc định của vòng lặp là bao nhiêu?","Marks":1,"AnswerId":103207,"Answers":[{"Id":103206,"Text":"-1"},{"Id":103207,"Text":"1"},{"Id":103208,"Text":"2"},{"Id":103209,"Text":"0"}]},{"Id":24882,"Text":"Giá trị của biến number sau khi thực hiện xong vòng lặp là bao nhiêu? Dim number As Integer = 2 Dim i As Integer = 0 Do    number += 4 Loop While i \u003e 2","Marks":1,"AnswerId":103210,"Answers":[{"Id":103210,"Text":"6"},{"Id":103211,"Text":"4"},{"Id":103212,"Text":"Lỗi, Lặp vô hạn"},{"Id":103213,"Text":"2"}]},{"Id":24883,"Text":"Trong điều khiển NumericUpDown, muốn khi nhấn mũi tên tăng giảm một số lần thì giá trị hiện thời tăng giảm chừng đó lần người sử dụng dùng thuộc tính nào?","Marks":1,"AnswerId":103217,"Answers":[{"Id":103214,"Text":"Value"},{"Id":103215,"Text":"Text"},{"Id":103216,"Text":"Number"},{"Id":103217,"Text":"Increment"}]},{"Id":24884,"Text":"Lệnh lặp nào thực thi ít nhất một lần và tiếp tục thực thi trong khi biểu thức điều kiện vẫn đạt giá trị True?","Marks":1,"AnswerId":103221,"Answers":[{"Id":103218,"Text":"Do…Loop Until"},{"Id":103219,"Text":"Do While…Loop"},{"Id":103220,"Text":"Do Until…Loop"},{"Id":103221,"Text":"Do…Loop While"}]},{"Id":24885,"Text":"Giá trị của biến number sau khi thực hiện xong vòng lặp là bao nhiêu? Dim number As Integer = 0 For i As Integer = 0 To 5    number += i Next","Marks":1,"AnswerId":103224,"Answers":[{"Id":103222,"Text":"5"},{"Id":103223,"Text":"0"},{"Id":103224,"Text":"15"},{"Id":103225,"Text":"10"}]},{"Id":24886,"Text":"Phương thức trả về chỉ số cao nhất của mảng?","Marks":1,"AnswerId":103226,"Answers":[{"Id":103226,"Text":"GetUpperBound"},{"Id":103227,"Text":"GetUpperLimit"},{"Id":103228,"Text":"GetUpperSubscript"},{"Id":103229,"Text":"GetHighestIndex"}]},{
    "Id":24887,"Text":"Mảng sử dụng hai chỉ số được gọi là mảng ….?","Marks":1,"AnswerId":103230,"Answers":[{"Id":103230,"Text":"Hai chiều"},{"Id":103231,"Text":"Kép"},{"Id":103232,"Text":"Một chỉ số"},{"Id":103233,"Text":"Một chiều"}]},{"Id":24888,"Text":"Mảng hai chiều thường được sử dụng để biểu diễn?","Marks":1,"AnswerId":103236,"Answers":[{"Id":103234,"Text":"Biểu đồ hình tròn"},{"Id":103235,"Text":"Khoảng cách"},{"Id":103236,"Text":"Bảng"},{"Id":103237,"Text":"Hàng"}]},{"Id":24889,"Text":"Lệnh nào dưới đây gán một mảng có năm hàng và ba cột cho mảng có kiểu Integer hai chiều có tên là B_ArrB_Arr=New Integer ( 0 to 5, 0 to 3 ) {}B_Arr=New Integer ( 0 to 4, 0 to 2 ) {}B_Arr=New Integer ( 0 to 4, 0 to 3 ) {}B_Arr=New Integer ( 0 to 5, 0 to 2 ","Marks":1,"AnswerId":103241,"Answers":[{"Id":103238,"Text":"B_Arr=New Integer ( 0 to 5, 0 to 3 ) {}"},{"Id":103239,"Text":"B_Arr=New Integer ( 0 to 5, 0 to 2 ) {}"},{"Id":103240,"Text":"B_Arr=New Integer ( 0 to 4, 0 to 3 ) {}"},{"Id":103241,"Text":"B_Arr=New Integer ( 0 to 4, 0 to 2 ) {}"}]},{"Id":24890,"Text":"Để duyệt tất cả các phần tử của mảng hai chiều ta sử dụng cấu trúc nào dưới đây ?","Marks":1,"AnswerId":103245,"Answers":[{"Id":103242,"Text":"Ba vòng For each"},{"Id":103243,"Text":"Hai vòng Select case"},{"Id":103244,"Text":"Hai vòng IF"},{"Id":103245,"Text":"Hai vòng For .. Next lồng nhau"}]},{"Id":24891,"Text":"Phát biểu nào dưới đây đúng với độ dài của mảng?","Marks":1,"AnswerId":103249,"Answers":[{"Id":103246,"Text":"Được trả về bởi phương thức Len"},{"Id":103247,"Text":"Nhỏ hơn 1 so với chỉ số cuối cùng của mảng"},{"Id":103248,"Text":"Bằng với chỉ số cuối cùng của mảng"},{"Id":103249,"Text":"Lớn hơn 1 so với chỉ số cuối cùng của mảng"}]},{"Id":24892,"Text":"Mảng có thể được khai báo để chứa giá trị?","Marks":1,"AnswerId":103252,"Answers":[{"Id":103250,"Text":"Kiểu String"},{"Id":103251,"Text":"Kiểu Integer"},{"Id":103252,"Text":"Tất cả các kiểu dữ liệu"},{"Id":103253,"Text":"Kiểu Double"}]},{"Id":24893,"Text":"Lệnh nào dưới đây sắp xếp mảng ArrSoLuong?","Marks":1,"AnswerId":103256,"Answers":[{"Id":103254,"Text":"Sort.Array(ArrSoLuong)"},{"Id":103255,"Text":"Sort(ArrSoLuong)"},{"Id":103256,"Text":"Array.Sort(ArrSoLuong)"},{"Id":103257,"Text":"Array(ArrSoLuong).Sort()"}]},{"Id":24894,"Text":"Các phần tử của mảng có liên quan đến nhau vì chúng có cùng tên và…..?","Marks":1,"AnswerId":103258,"Answers":[{"Id":103258,"Text":"Kiểu"},{"Id":103259,"Text":"Giá trị hằng"},{"Id":103260,"Text":"Giá trị"},{"Id":103261,"Text":"Chỉ số"}]},{"Id":24895,"Text":"Khi khai báo mảng, một …… bắt buộc phải nằm trong dấu ngoặc đơn để chỉ ra đó là mảng hai chiều?","Marks":1,"AnswerId":103263,"Answers":[{"Id":103262,"Text":"dấu nháy đơn"},{"Id":103263,"Text":"dấu phẩy"},{"Id":103264,"Text":"dấu sao"},{"Id":103265,"Text":"dấu chấm"}]},{"Id":24896,"Text":"Để bắt đầu định nghĩa một lớp, người dùng sử dụng từ khóa nào?","Marks":1,"AnswerId":103267,"Answers":[{"Id":103266,"Text":"Begin Class"},{"Id":103267,"Text":"Class"},{"Id":103268,"Text":"Begin"},{"Id":103269,"Text":"Start Class"}]},{"Id":24897,"Text":"Phương thức nào trong lớp String tách rời các từ được phân cách bởi các kí tự giống nhau và lưu trữ trong 1 mảng dữ liệu?","Marks":1,"AnswerId":103273,"Answers":[{"Id":103270,"Text":"SubString()"},{"Id":103271,"Text":"Char"},{"Id":103272,"Text":"Trim()"},{"Id":103273,"Text":"Split()"}]},{"Id":24898,"Text":"Để loại bỏ các khoảng trắng cho chuỗi kí tự của lớp String người dùng sử dụng phương thức nào?","Marks":1,"AnswerId":103276,"Answers":[{"Id":103274,"Text":"Split()"},{"Id":103275,"Text":"Length()"},{"Id":103276,"Text":"Trim()"},{"Id":103277,"Text":"SubString()"}]},{"Id":24899,"Text":"Muốn tạo một menubar chứa nhóm các chức năng liên quan trên Form người dùng sử dụng điều khiển nào?","Marks":1,"AnswerId":103278,"Answers":[{"Id":103278,"Text":"MenuStrip"},{"Id":103279,"Text":"MenuBar"},{"Id":103280,"Text":"MenuItem"},{"Id":103281,"Text":"MenuButton"}]},{"Id":24900,"Text":"Trong quá trình đọc file, phương thức nào xác định đến cuối file hay chưa?","Marks":1,"AnswerId":103285,"Answers":[{"Id":103282,"Text":"ReadToEnd()"},{"Id":103283,"Text":"CurrentEncoding()"},{"Id":103284,"Text":"Close()"},{"Id":103285,"Text":"EndOfStream()"}]},{"Id":24901,"Text":"Trong Visual Basic, mỗi ký tự gồm mấy byte?","Marks":1,"AnswerId":103289,"Answers":[{"Id":103286,"Text":"3 byte"},{"Id":103287,"Text":"1 byte"},{"Id":103288,"Text":"4 byte"},{"Id":103289,"Text":"2 byte"}]},{"Id":24902,"Text":"Muốn khai báo biến GhiFile để ghi dữ liệu vào cuối file DanhSach.txt, người dùng sử dụng lệnh nào dưới đây?","Marks":1,"AnswerId":103292,"Answers":[{"Id":103290,"Text":"Dim GhiFile As StreamWriter = New StreamWriter(\"DanhSach.txt\", False)"},{"Id":103291,"Text":"Dim GhiFile As StreamWriter = New StreamWriter(True, \"DanhSach.txt\")"},{"Id":103292,"Text":"Dim GhiFile As StreamWriter = New StreamWriter(\"DanhSach.txt\", True)"},{"Id":103293,"Text":"Dim GhiFile As StreamWriter = New StreamWriter(False, \"DanhSach.txt\")"}]},{"Id":24903,"Text":"Muốn đọc dữ liệu từng dòng đầu tiên trong một file văn bản, người dùng sử dụng phương thức đọc dữ liệu nào dưới đây?","Marks":1,"AnswerId":103295,"Answers":[{"Id":103294,"Text":"ReadBlock()"},{"Id":103295,"Text":"ReadLine()"},{"Id":103296,"Text":"ReadToEnd()"},{"Id":103297,"Text":"Read()"}]},{"Id":24904,"Text":"File mà thông tin được đọc ra theo thứ tự được ghi vào trước đó được gọi là:","Marks":1,"AnswerId":103301,"Answers":[{"Id":103298,"Text":"File truy cập máy tính"},{"Id":103299,"Text":"File truy cập chẵn lẻ"},{"Id":103300,"Text":"File truy cập ngẫu nhiên"},{"Id":103301,"Text":"File truy cập tuần tự"}]},{"Id":24905,"Text":"File dữ liệu không được lưu trữ ở đâu?","Marks":1,"AnswerId":103304,"Answers":[{"Id":103302,"Text":"Ổ cứng"},{"Id":103303,"Text":"USB"},{"Id":103304,"Text":"Ram"},{"Id":103305,"Text":"CD-ROM, DVD"}]},{"Id":24906,"Text":"Xây dựng hàm tính chu vi tam giác sau:Private Function CHU_VI(Optional ByVal a As Integer = 10, Optional ByVal b As Integer = 10, Optional ByVal c As Integer = 10) As Integer    Return a + b + cEnd FunctionKết quả chu vi bằng bao nhiêu khi thực hiện lời g","Marks":1,"AnswerId":103307,"Answers":[{"Id":103306,"Text":"0"},{"Id":103307,"Text":"30"},{"Id":103308,"Text":"Báo lỗi"},{"Id":103309,"Text":"50"}]},{"Id":24907,"Text":"Hàm luôn luôn trả về giá trị thông qua lời gọi Hàm, đúng hay sai?","Marks":1,"AnswerId":103311,"Answers":[{"Id":103310,"Text":"Sai"},{"Id":103311,"Text":"Đúng"}]},{"Id":24908,"Text":"Trong thân hàm Function luôn luôn phải chứa lệnh nào để trả về giá trị cho lệnh gọi hàm?","Marks":1,"AnswerId":103313,"Answers":[{"Id":103312,"Text":"End"},{"Id":103313,"Text":"Return"},{"Id":103314,"Text":"Back"},{"Id":103315,"Text":"Exit Do"}]},{"Id":24909,"Text":"Khai báo thủ tục theo cách nào dưới đây là đúng?","Marks":1,"AnswerId":103316,"Answers":[{"Id":103316,"Text":"Private Sub KT_Chan(Optional ByVal x As Integer = 3)"},{"Id":103317,"Text":"Private Sub KT_Chan(ParamArray x As Integer=3)"},{"Id":103318,"Text":"Private Sub KT_Chan(ByVal x As Integer=3)"},{"Id":103319,"Text":"Private Sub KT_Chan(ByRef x As Integer=3)"}]},{"Id":24910,"Text":"Khi Option Strict được thiết lập là On, người dùng phải sử dụng ép kiểu nào?","Marks":1,"AnswerId":103322,"Answers":[{"Id":103320,"Text":"Không ép kiểu"},{"Id":103321,"Text":"Ép kiểu ngầm định mở rộng"},{"Id":103322,"Text":"Ép kiểu ngầm định thu hẹp"},{"Id":103323,"Text":"Mọi loại ép kiểu"}]},{"Id":24911,"Text":"Hàm và thủ tục có thể chứa bao nhiêu tham số?","Marks":1,"AnswerId":103325,"Answers":[{"Id":103324,"Text":"Chứa 2 tham số"},{"Id":103325,"Text":"Nhiều tham số"},{"Id":103326,"Text":"Chứa 3 tham số"},{"Id":103327,"Text":"Chỉ 1 tham số"}]},{"Id":24912,"Text":"Phát biểu nào sau đây là đúng ?","Marks":1,"AnswerId":103330,"Answers":[{"Id":103328,"Text":"Thủ tục Function và thủ tục Sub đều không có giá trị trả về"},{"Id":103329,"Text":"Thủ tục Function và thủ tục Sub đều có giá trị trả về"},{"Id":103330,"Text":"Thủ tục Function có giá trị trả về, thủ tục Sub không có giá trị trả về"},{"Id":103331,"Text":"Thủ tục Function không có giá trị trả về, thủ tục Sub có giá trị trả về"}]},{"Id":24913,"Text":"Khai báo kết thúc thủ tục Function bằng từ khóa nào?","Marks":1,"AnswerId":103333,"Answers":[{"Id":103332,"Text":"Return"},{"Id":103333,"Text":"End Function"},{"Id":103334,"Text":"End Sub"},{"Id":103335,"Text":"Function End"}]},{"Id":24914,"Text":"Khi viết Hàm hay Thủ tục mà không khai báo toán tử phạm vi [ Public, Private, Protected,...] thì phạm vi truy cập của Hàm và Thủ tục đó sẽ hiểu ngầm định là gì?","Marks":1,"AnswerId":103338,"Answers":[{"Id":103336,"Text":"Protected"},{"Id":103337,"Text":"Public"},{"Id":103338,"Text":"Private"}]},{"Id":24915,"Text":"Kĩ thuật nào mà ứng dụng được phân chia thành nhiều thành phần nhỏ hơn để dễ quản lý, từ đó giúp đơn giản hóa việc thiết kế, phát triển và bảo trì ứng dụng cỡ vừa và lớn?","Marks":1,"AnswerId":103340,"Answers":[{"Id":103339,"Text":"Kĩ thuật thác nước"},{"Id":103340,"Text":"Kĩ thuật chia để trị"},{"Id":103341,"Text":"Kĩ thuật xoáy ốc"},{"Id":103342,"Text":"Kỹ thuật lồng chim bồ câu"}]}]